92,passage,[pæsɪdʒ],n.通过 经过 通道 通路  一 段  一 节
75,work,[wɜːk],n.工作 劳动 操作 职业 [物]功 手工 作品 机件v. 使 工作  使 运转 起作用 造成 产生 经营  使 渐渐移动 煅制
70,but,[bət], prep.除...以外 conj.而是 但是adv.几乎 仅仅
70,who,[huː], pron.谁 那...的 人   世界卫生组织 WHO the World Health Organization 
69,about,[ə'baʊt],adv.附近 大约 转向 左右 周围 prep.在附近 关于 在...周围 忙于
68,say,[seɪ],v.说 讲 背诵 念 表示 比方说 假定n.话语 想说的意见 发言权
64,make,[meɪk],vt.制造 安排 使成为 认为 产生 获得 进行 构成vi.开始 前进 增大 被制造 被处理n.制造 构造 性情
63,may,[meɪ], aux.可能 也许 可以 祝 愿n. May  五月 能 可能
63,hear,[hɪə],vt.听到 听说 听取 审理 允许vi.听见 听到
63,she,[ʃiː], pron.[主格]她
63,how,[haʊ],adv. 指方式 方法 健康状况等 怎样  指范围 程度 数量 价值 多少 多么n.方式 或方法 
62,time,[taɪm],n.时间 时侯 时机 节拍 期限 次数 时期 比赛限时vt.安排...的时间 记录...的时间 计时 定时vi.打拍子  ... 合拍adj.时间的 记时的 定时的 定期的 分期的  n.时间 日期
61,good,[ɡʊd],n.好 好事 慷慨的行为 好处 利益adj.优良的 上等的 虔诚的 愉快的 慈善的 好心的 有益的
60,at,[ət], prep.在 于 向 对准 在...方面 Austria 奥地利
59,than,[ðən], conj.比 prep.与...相比较
58,section,[sekʃən],n.部分 断片 部件 节 项 区 地域 截面
58,answer,[ɑːnsə],n.答案 回答 答辩 抗辩v.回答说 答复说 符合 反响 响应
57,study,[stʌdi],n.学习 研究 学科 试作 论文 求学 努力 书房vt.学习 攻读 研究 考虑 计划vi.学习 试图
57,interest,[ɪntrəst],n.兴趣 关心 重要性 影响 利息 [常 pl.] 利益 利害vt.使发生兴趣 引起...的注意
56,student,[stjuːdənt],n. 大小学校的 学生 研究者 学者
55,base,[beɪs],n.底部 基础 根据地 基地 本部 基数  运动 出发点vt.以...作基础 基于... adj.卑鄙的 低级的
55,wa,[wɒ],Washington 美国华盛顿州邮递区号
52,mark,[mɑːk],n.标志 分数 痕迹 记号vt.做标记于 打分数 标志vi.作记号 Mark 马克 男子名 
52,many,[meni],n.多数 群众adj.许多的 pron.许多人 许多
52,there,[ðeə],adv.在那里
51,they,[ðeɪ], pron.他们 它们
50,just,[dʒʌst],adj.正义的 公正的 正确的 应得的 有充分根据的adv.正好 仅仅 刚才 只是 不过
49,when,[wen], conj.就在那个时候 在...的时候adv.什么时候 ...的时候 pron.什么时侯 那时
48,find,[faɪnd],vt.找到 发现 感到 查明 得到 认为 见到...的存在vi.裁决n.发现 [计] 在文件中查找指定的字符串
48,get,[ɡet],vt.获得 变成 收获 使得 挣得 受到 惩罚 打击等  染上 抓住vi.到达 成为 变得n.生殖 幼兽
48,if,[ɪf], conj. 表条件 如果  表假设 要是 是否 即使n.条件 设想
47,should,[ʃʊd],v.aux.应该 将要
47,an,[ən], art.一 在元音字母前代替不定代词a  [域] Netherlands Antilles  荷兰属地
47,other,[ʌðə],adj.其他的 另外的 从前的 pron.其他的 他人 另外一个adv.另外地 不同地
46,each,[iːtʃ],adj.各自的 每个的 每一 pron.各 各自 每个adv.每个
43,choice,[tʃɔɪs],n.选择 抉择 精选品 选择机会 选择权adj.精选的 上等的 挑三拣四的 可选的 宠爱的 爱惜的
42,letter,[letə],n.文字 字母 信函 字面意义 铅字  pl. 证书  pl. 文学 学问vt.用字母标明 在...上刻 或题 字vi.写印刷体字母
42,through,[θruː], prep.穿过 通过 从开始到结束 经由 以adv.从头到尾 自始至终 直达地 彻底 完全adj.直达的 直通的
42,read,[riːd],v.读 阅读 理解 学习adj.有学问的n.读取 vbl.read的过去式和过去分词
41,ha,[hɑː],int.嘿! 哈!
40,help,[help],n.帮忙 补救办法 助手 治疗 <美>佣工vt.帮助 助长 接济 治疗 款待vi.有用 救命 招待 [计] 显示命令格式的简短概述
40,stress,[stres],n.重压 逼迫 压力 重点 着重 强调 重音vt.着重 强调 重读
39,direction,[daɪ'rekʃən],n.方向 指导 趋势  常用复数 指示 用法 说明 书  收件人地址
39,school,[skuːl],n.学校 学院 学习 授课 求学 全体学生 学派vt.锻炼 教育
39,report,[rɪ'pɔːt],n.报告 传说 谣言 声誉 名声 爆炸声v.报导 汇报 报到 告发
39,high,[haɪ],n.高度 高处adj.高的 高原的 高等的 高音的 傲慢的 高尚的 昂贵的 严重的adv.高度地 奢侈地 高价地
38,child,[tʃaɪld],n.孩子 儿女 子孙  头脑、空想等的 产物 弟子 追随者
38,use,[juːs],vt.使用 利用 耗费n.使用 利用 用途 效用 使用价值
37,year,[jɪə],n.年 年龄 年岁
37,follow,[fɒləʊ],vt.跟随 追随 沿...而行 理解 遵循 从事 追求 注视vi.跟随 接着n.跟随 追随
37,show,[ʃəʊ],n.表示 展览 炫耀 外观 假装v.出示 指示 引导 说明 显示 展出 放映
36,give,[ɡɪv],n.弹性 可弯性vt.给 授予 供给 献出 让步 引起 发表 捐助vi.捐赠 让步
36,research,[riːsɜːtʃ],n.研究 调查vi.研究 调查
36,woman,[wʊmən],n.女人 妇女 女仆adj.女人的 女性的 妇女的vt.为...配备妇女 使成女人腔
36,we,[wi], pron.我们
35,part,[pɑːt],n.部分 局部 零件 角色vt.分开 分离 分配vi.分开 断裂 分手adv.部分地 有几分adj.部分的 局部的
35,only,[əʊnli],adj.唯一的 单独的 最好的 最合适的adv.仅仅 只不过 conj.但是 可是
35,go,[ɡəʊ],vi.离去 走 进行 变成 趋于 达到 求助于 诉诸vt.以...打赌 忍受 出产n.去 进行
35,doe,[dəʊ],n.母鹿 雌兔等   美国 能源部 DoE Department of Energy 
34,two,[tuː], num.二 两个
34,sheet,[ʃiːt],n. 一 片  一 张 薄片 被单 被褥
34,employee,[emplɔɪ'iː],n.职工 雇员 店员
33,conversation,[kɒnvə'seɪʃən],n.会话 交谈
33,change,[tʃeɪndʒ],n.改变 变化 转变 找回的零钱 找头 辅币vt.改变 变革 改造 兑换
32,four,[fɔː], num.四 四个 第四 卷 章 叶等 
32,take,[teɪk],v.拿 拿走 取 抓 占领 获得 接受 感受n.捕获量
32,most,[məʊst],adj.最多的 多数的 大部分的adv.最 最多 很 十分 最 最大的 其中大多数 极其n.大多数 大部分
32,social,[səʊʃəl],adj.社会的 爱交际的 社交的 群居的
31,minute,[mɪnɪt],n.分 分钟 片刻 一瞬间 备忘录 笔记vt.记录 摘录 测定时间adj.微小的 详细的 仔细而准确的
31,up,[ʌp],adv.向上 到 较高的地方 北方  起来 起床 prep.向上 在上 沿adj.向上的 上行的
31,way,[weɪ],n.路 路线 路途 习惯 行业 规模 道路 情形adj.中途 途中的adv.远远地 大大地 非常
31,author,[ɔːθə],n.作家 创造者
30,experience,[ɪk'spɪəriəns],n.vt.经验 体验 经历 阅历
30,out,[aʊt],adj.外面的 下台的 出局的adv.在外 出声地 显露出来地 明显地 从头至尾地n.外面 外出 外观vt.赶出 击倒 使退场vi.外出 暴露 prep.通过
29,hi,[haɪ],int.嗨! 引人注意时的喊声 打招呼 
29,much,[mʌtʃ],adj.许多的 大量的adv.非常 很 ...多 更加 非常 得多 多达 多得多n.许多 大量 num.许多
28,new,[njuː],adj.新的 初见的 更新的adv.新近
28,correspond,[kɒrɪ'spɒnd],vi.符合 协调 通信 相当 相应
28,often,[ɒfən],adv.常常 经常
28,company,[kʌmpəni],n.公司 陪伴  一 群  一 队  一 伙 连 连队
27,three,[θriː], num.三
27,long,[lɒŋ],adj.长的 长期的 做多头的 高的vi.渴望 热望adv.长期地 始终n.长时间  市场上 做多头的人 [语音]长音节
27,number,[nʌmbə],n.数 数字 数量 号码 算术 诗 韵律v.遍号码 共计... 计入 计算 算入
27,think,[θɪŋk],v.想 思索 认为vt.认为 以为 预料
27,health,[helθ],n.健康 健康状态 兴旺 为健康干杯
26,write,[raɪt],vt.书写 著述 写 写满 写信给vi.写 写字 写信 写作 作曲
26,which,[wɪtʃ], pron.哪个 哪几个 ...的 ...那个adj.哪个
26,once,[wʌns],n.adv.一次 从前 曾经 conj.一旦
26,then,[ðen],adv.当时 在那时 那么 因而 然后 于是
26,learn,[lɜːn],vi.学习 听到 获悉vt.学习 学会 认识到
26,conjurer,[kʌndʒərə],n.魔术师
26,paragraph,[pærəɡræf],n. 文章 段 节 段落
26,spend,[spend],v.花费 消耗 用尽vt.度过 消磨
25,single,[sɪŋɡəl],adj.单一的 单身的 单纯的 孤独的 专一的 个别的n.一个 单打 单精度型vt.选出vi.[棒]作一垒打
25,line,[laɪn],n.绳 索 线路 航线 诗句vt.排成一行 顺...排列 划线于 使有线条 使起皱纹vi.排队
25,into,[ɪntʊ], prep.到...里 进入到...之内 成为...状况 深入...之中
24,news,[njuːz],n.新闻 消息
24,numb,[nʌm],adj.麻木的v.失去知觉
24,obesity,[əʊ'biːsəti],n.肥胖 肥大
23,choose,[tʃuːz],v.选择 选定
23,centre,[sentə],n.中心 中央 中心区v.集中
23,need,[niːd],n.需要 必需 必需品 要求 贫困vt.需要 modalv.必要 必须
23,early,[ɜːli],adj.早的 早熟的 及早的 早先的 早期的adv.早 在初期
23,problem,[prɒbləm],n.问题 难题
23,les,[leɪz], Lesbian[复]女子们 尤指合唱队女演员们 
23,become,[bɪ'kʌm],vi.变成 成为 变得vt.适合 相称
23,even,[iːvən],adj.平的 平滑的 偶数的 一致的 平静的 恰好的 平均的 连贯的adv.[加强语气]甚至 ...也  连...都 即使 恰好 正当vt.使平坦 使相等vi.变平 相等n.偶数 偶校验
23,human,[hjuːmən],n.人 人类adj.人的 人类的 人性的 有同情心的
22,after,[ɑːftə],adv.prep.conj.在...之后 在...后面 模仿 与...一致 以...命名 后来的 后面的
22,eat,[iːt],v.吃 腐蚀
22,job,[dʒɒb],n.工作 零活 <口>职位 事情 <圣经>约伯 极有耐心的人vi.做零工 打杂 做股票经纪 假公济私vt.代客买卖 股票 货物等  批发 承包 欺骗
22,thing,[θɪŋ],n.东西 物 [pl.] 所有物 用品 事 事情 事件 [pl.] 事态
22,information,[ɪnfə'meɪʃən],n.通知 报告 消息 情报 知识 见闻 资料 起诉 信息
22,man,[mæn],n.男人 人类 人 丈夫 雇工 vt.为...配备人手 操纵 在...就位 使振奋 Metropolitan Area Network 城域网
22,disease,[dɪ'ziːz],n.疾病 弊病
21,now,[naʊ],adv.现在 目前 此刻 立刻 马上n.现在 如今 conj.既然
21,live,[lɪv],adj.活的 生动的 精力充沛的 实况转播的 点燃的vi.活着 生活 居住 流在人们记忆中vt.过着 度过 经历adv.以实况地
21,feel,[fiːl],vt.摸 触 试探 感觉 觉得 触摸 以为vi.有知觉  人 有某种感觉 摸索 同情n.感觉 觉得 触摸
21,over,[əʊvə],adv.结束 越过 从头到尾 prep.在...之上 越过adj.上面的vt.额外的东西 越过n.额外的东西
21,all,[ɔːl],adj.全部的 所有的 整个的adv.完全 更加 越发 pron.全部
21,different,[dɪfrənt],adj.不同的
21,teen,[tiːn],n.悲哀 不幸 愤怒vt.激怒 使烦恼vi.烦躁 伤心
20,activity,[æk'tɪvəti],n.活跃 活动性 行动 行为 [核]放射性
20,food,[fuːd],n.食物 养料
20,important,[ɪm'pɔːtənt],adj.重要的 重大的 有权力的 有地位的
20,teacher,[tiːtʃə],n.教师
20,bank,[bæŋk],n.银行 堤 岸 沙洲 浅滩 一堆 土   云 层 储藏所 库 vt.存 款 于银行 储蓄  车或飞机 倾斜转弯
20,home,[həʊm],n.家 住宅 家乡 本国 产地 避难所adj.家庭的 国内的 有效的adv.在家 回家 深入地 在本国
20,career,[kə'rɪə],n. 原意:道路 轨道 事业 生涯 速度
20,grade,[ɡreɪd],n.等级 级别vt.评分 评级v.分等级
19,before,[bɪ'fɔː],adv.在前 以前 prep.在...之前 conj.在...之前 与其...宁可
19,skill,[skɪl],n.技能  技巧 熟练 巧妙
19,mean,[miːn],adj.低劣的 卑鄙的 普通的 吝啬的 简陋的 平均的 惭愧的 不舒服的vt.意谓 想要 预定vi.用意 有意义n.平均数 中间 中庸
19,statement,[steɪtmənt],n.声明 陈述 综述
19,pay,[peɪ],n.薪水 工资v.支付 交纳 给予 有利 值得 合算
19,day,[deɪ],n.天 白天 日子 白昼 黎明 工作日 节日 重要日子
18,no,[nəʊ],n.否定 投反对票者adj.没有 不许 反对adv.不 并不 毫不 [域] Norway  挪威
18,must,[məst], aux.必须 应当 很可能 一定 必须 肯定 可以
18,business,[bɪznəs],n.商业 买卖 交易 生意 事情 事物 营业 商行
18,likely,[laɪkli],adj.很可能的 合适的 可靠的 有希望的adv.或许 很可能
18,come,[kʌm],vi.来 来临 到达 出现 来 自  出生 于  开始int.嗨! vbl.来 到达 合计为
18,might,[maɪt],v. past tense past participle of may see may n.力量 威力 权力 能 可能 aux.可以
18,suggest,[sə'dʒest],vt.建议 提出 使想起 暗示
18,book,[bʊk],n.书 书籍 卷 篇 帐簿 名册 工作簿v.登记 预订 控告
18,play,[pleɪ],n.游戏 比赛 运动 赌博 剧本v.玩 扮演 播放 进行比赛v.播放
17,physical,[fɪzɪkəl],adj.身体的 物质的 自然的 物理的n.体格检查
17,too,[tuː],adv.也 太过份
17,between,[bɪ'twiːn], prep.在...之间 连接... 由...协力合作
17,life,[laɪf],n.生命 生活 一生 寿命 生命力 传记
17,medium,[miːdiəm],n.媒体 方法 媒介adj.中间的 中等的 半生熟的
16,end,[end],n.末端 尽头 结束 目标 限度 梢 末端 死亡v.结束 终结 终止
16,both,[bəʊθ],adj.两者 双方的 pron.双方 两者
16,first,[fɜːst],adv.首先 最初 第一 列举条目等用  优先adj.第一的 num.第一 个 n.开始 第一  比赛 冠军
16,hand,[hænd],n.手 掌管 协助 支配 插手 指针 雇员 手艺vt.支持 搀扶 交给
16,ten,[ten], num.十 十个
16,lead,[liːd],vt.领导 引导 致使vi.领导  道路等 通向 导致 用水砣测深n.领导 领先 导线 铅  自船上测海水深度的 铅陲 石墨 铅笔芯
16,office,[ˈɒfɪs],n.办公室 办事处 事务所 <英>政府机关 部 公职 职责 帮助
16,scientist,[saɪəntɪst],n.科学家
16,me,[em'iː], pron.我
16,survey,[sɜːveɪ],n.测量 调查 俯瞰 概观 纵览 视察vt.调查 收入 民意等  测量 勘定 审视 视察 俯瞰 通盘考虑vi.测量土地
15,great,[ɡreɪt],adj.伟大的 大的 强烈的 非常的 主要的 大写的 重大的 崇高的adv.顺利地 得意地n.全部 大人物 大师
15,build,[bɪld],v.建造 建筑n.构造 体格 体形
15,world,[wɜːld],n.世界 ...界 世事 世故 社会adj.世界的
15,traditional,[trə'dɪʃənəl],adj.传统的 惯例的 口传的 传说的
15,require,[rɪ'kwaɪə],vt.需要 要求 命令
15,relationship,[rɪ'leɪʃənʃɪp],n.关系 关联
15,researcher,[rɪˈsɜːtʃə],n.研究员
15,american,[ə'merɪkən],n.美国人 美洲人adj.美国的 美洲的
15,cause,[kɔːz],n.原因 导致某事发生的人或事 动机 理由 根据 目标 理想 事业vt.引起 惹起 使 发生  促成
15,such,[sʌtʃ],adj.这样的 这种 某一 pron.这样的人 们 或物
15,affect,[ə'fekt],vt.影响 感动 侵袭 假装
15,curiosity,[kjʊəri'ɒsəti],n.好奇心
15,growth,[ɡrəʊθ],n.生长 种植 栽培 发育 等比级数
15,bore,[bɔː],n.令人讨厌的人 怒潮 枪膛 孔v.使烦扰 钻孔 钻孔
15,boredom,[bɔːdəm],n.厌倦
14,cost,[kɒst],n.成本 价钱 代价vt.价值为  使 花费 金钱 时间 劳力等  使失去 生命 健康等  令人付出vi.花费
14,ask,[ɑːsk],vi.询问 问 要求vt.问 要求 需要 邀请
14,keep,[kiːp],n.保持 保养 生计 监狱 [史]要塞vt.保持 保存 遵守 经营 看守 拘留 维持 记 日记 帐等 vi.保持 继续不断
14,word,[wɜːd],n.字 词 话 消息 诺言 命令vt.为...措辞
14,any,[eni],adj.任何的 任何一种 所有的 pron.无论那一个 任何
14,would,[wʊd],v.aux.will的过去式 将 愿意
14,contact,[kɒntækt],n.接触 联系vt.接触 联系
14,science,[saɪəns],n.科学 自然科学 理科
14,money,[mʌni],n.货币 钱 金钱
14,fund,[fʌnd],n.资金 基金v.支助 投资
14,winner,[wɪnə],n.胜利者 优胜者 获胜的事物
13,speak,[spiːk],v.说话 谈话 说明事实 表示意见 发言 演讲 操 某种语言 
13,start,[stɑːt],n.动身 出发点 开始 惊起 惊跳 赛跑的先跑权 优先地位v.出发 起程 开始 着手 惊动 惊起 起动 发动  削减战略武器条约START Strategic Arms Reduction Treaty 
13,little,[lɪtəl],n.少许 一会儿 短时间adj.很少的 矮小的 短暂的 琐碎的adv.很少 稍微 完全不
13,consider,[kən'sɪdə],vt.考虑 照顾 认为
13,something,[sʌmθɪŋ], pron.某事 某物adj.有点象 大约
13,lose,[luːz],vt.遗失 浪费 错过 输去 使失去 使迷路 使沉溺于vi.受损失 失败
13,try,[traɪ],n.尝试v.试 试图 努力 试验 磨难 考验 审问
13,improve,[ɪm'pruːv],v.改善 改进
13,why,[waɪ],adv.为什么 ...的 理由 int. 表吃惊 满意等 哎呀!什么?
13,own,[əʊn],adj.自己的 特有的  不用所有格 嫡亲的 同胞的vt.拥有 自认 承认vi.承认
13,identify,[aɪ'dentɪfaɪ],vt.识别 鉴别 把...和...看成一样v.确定
13,someone,[sʌmwʌn], pron.有人 某人
13,because,[bɪ'kɒz], conj.adv.因为
13,well,[wel],n.井vi.涌出adj.健康的 良好的 适当的adv.好 满意地 充分地 彻底地 有理地 适当地 夸奖地int.唔 咳
13,heart,[hɑːt],n.心 心脏 中心 心地 心情 精神 宝贝儿 感情vt.把...放在中心
13,know,[nəʊ],v.知道 了解 认识 熟悉 认出 分辨 确信
13,understand,[ʌndə'stænd],v.懂 了解 听说 推定 以为 省略
13,result,[rɪ'zʌlt],n.结果 成效 计算结果vi.起因 由于 以...为结果 导致
13,matter,[mætə],n.事件 问题 物质 内容 实质 原因  印刷或书写的 文件  文章或讲话等的 素材vi.有关系 要紧
13,today,[tə'deɪ],adv.今天 现今n.今天 现今
13,language,[læŋɡwɪdʒ],n.语言 语言文学 术语 语言表达能力  运用语言的 方式、能力、风格 [自] 机器 代码  n.语言 国家
13,where,[weə],adv.什么地方 在哪里 ...的 地方 
13,close,[kləʊs],v.关 关闭 结束 停止 使靠近 靠拢 会合 包围n.结束adj.近的 紧密的 精密的 齐根的 封闭的 亲密的 闷气的adv.接近 紧密地
13,technology,[tek'nɒlədʒi],n.工艺 科技 技术
13,industry,[ɪndəstri],n.工业 产业 行业 勤奋
13,ninth,[naɪnθ], num.第九 九分之一
12,include,[ɪn'kluːd],vt.包括 包含
12,leave,[liːv],n.许可 同意 请假 休假vt.离开 动身 剩下 遗忘 委托 遗弃vi.出发 离开 生叶 动身
12,tend,[tend],vi.趋向 往往是vt.照管 护理
12,develop,[dɪ'veləp],vt.发展 发达 发扬 进步 逐步展开 情节 音乐主题 方程式等 洗印 显影vi.发展 生长 发育 逐步显示出来
12,blank,[blæŋk],adj.空白的 空着的 失色的 没有表情的n.空白 <美> 表格
12,gender,[dʒendə],n.[语法] 性 <口>性别 性 性交
12,male,[meɪl],adj.男的 雄的 男性
12,want,[wɒnt],vt.想要 希望 需要 短缺 缺少n.需要 短缺
12,support,[sə'pɔːt],vt.支撑 扶持 支持 支援 拥护 维持 赡养 忍受n.支撑 支持 支援 维持 赡养 支持者 支柱
12,employer,[ɪm'plɔɪə],n.雇主 老板
12,professor,[prə'fesə],n.教授 公开表示信仰的人
12,math,[mæθ],n.数学
11,bring,[brɪŋ],vt.拿来 带来 产生 引起 提出 诉讼 vi.停下
11,back,[bæk],adj.后面的 在后面 早过去的 前 欠 的钱adv.向后地n.背部 后面v.后退 支持
11,family,[fæməli],n.家庭 家族 家属 亲属 子女 僚属adj.家庭的 家族的
11,ago,[ə'ɡəʊ],adv.以前的 以往的
11,recent,[riːsənt],adj.新近的 近来的
11,large,[lɑːdʒ],adj.大的 巨大的 宽大的 夸大的adv.大大地 夸大地 顺风地n.大
11,worker,[wɜːkə],n.工人
11,create,[kri'eɪt],vt.创造 创作 引起 造成
11,allow,[ə'laʊ],vt.允许 承认
11,task,[tɑːsk],n.任务 作业v.分派任务
11,weight,[weɪt],n.重力 重量 分量 砝码 重要 性  势力 负担 重累
11,performance,[pə'fɔːməns],n.履行 执行 成绩 性能 表演 演奏
11,believe,[bɪ'liːv],v.有坚定的宗教信仰的 相信 信任 认为 想
11,without,[wɪð'aʊt], prep.没有 不  表条件 如果没有 要没有adv.在外 在屋外
11,very,[veri],adv.很 甚 及其 非常 完全adj.真正的 真实的 恰好的 绝对的 十足的 特别的
11,really,[rɪəli],adv.真正地 实在地  表语气 真的吗?
11,care,[keə],n.注意 照料 烦恼 忧虑 由...转交vi.关心 顾虑 照顾 喜爱vt.在意
11,same,[seɪm],adj.同一的 相同的 无变化的 上述的 所谓 pron.同样的事物adv.同样地
11,re,[reɪ],symb [化] 铼 rhenium    英国 皇家工兵部队 RE Royal Engineers 
11,university,[juːnɪ'vɜːsəti],n. 综合 大学
11,don,[dɒn],n.<西>君 先生 西班牙语冠于男子姓名前  阁下  英国剑桥或牛津大学 指导教师vt.穿上
11,issue,[ɪsjuː],n.出版 发行  报刊等 期、号 论点 问题 结果  水 血等的 流出vi.发行 流出 造成...结果 进行辩护 传下vt.使流出 放出 发行 钞票等  发布 命令  出版 书等 发给 [律]子女 后嗣
11,share,[ʃeə],n.共享 参与 一份 部分 份额 参股vt.分享 均分 共有 分配vi.分享
11,seek,[siːk],v.寻找 探索 寻求
11,public,[pʌblɪk],n.公众  特定的 人群 公共场所adj.公众的 公共的 公立的 公用的
11,happen,[hæpən],vi.发生 碰巧 偶然v.发生 恰巧 偶然发现
11,communication,[kəmjuːnɪ'keɪʃən],n.传达 信息 交通 通讯
11,impact,[ɪm'pækt],n.碰撞 冲击 冲突 影响 效果vt.挤入 撞击 压紧 对...发生影响
11,economy,[ɪ'kɒnəmi],n.经济 节约 节约措施 经济实惠 系统 机体 经济制度的状况
11,low,[ləʊ],n.低 低价 牛叫声adj.低的 浅的 消沉的 微弱的 粗俗的 卑贱的 体质弱的adv.低下地 谦卑地 低声地 低价地vi.牛叫
11,young,[jʌŋ],adj.年轻的 年纪小的 没有经验的 尚早的 初期的n. 动物的 崽 仔
11,culture,[kʌltʃə],n.文化 文明
11,response,[rɪ'spɒns],n.回答 响应 反应
11,among,[ə'mʌŋ], prep.在...之中 ...之一
11,grant,[ɡrɑːnt],vt.同意 准予 承认 某事为真 ～
11,loser,[luːzə],n.失主 失败者 输者
10,academic,[ækə'demɪk],adj.学院的 理论的
10,comprehension,[kɒmprɪ'henʃən],n.理解 包含
10,pet,[pet],n.宠物 受宠爱的人 不悦adj.宠爱的 亲昵的vt.宠爱vi.拥抱 爱抚 生气 发脾气
10,dr,[],n.博士 医生 Distributed Refresh 分布式刷新
10,effect,[ɪ'fekt],n.结果 效果 作用 影响  在视听方面给人流下的 印象vt.招致 实现 达到 目的等 
10,house,[haʊs],n.房子 住宅 库房 机构 家庭 家族 议院 剧场vt.给...房子住 收藏 覆盖vi.住 躲藏 up 
10,focus,[fəʊkəs],n. 兴趣活动等的 中心 焦点 焦距 [医]病灶 [地] 地震的 震源vi.聚焦 注视vt.使集中在焦点上 定焦点 调焦 集中
10,mental,[mentəl],adj.精神的 智力的
10,increase,[ɪn'kriːs],n.增加 增大 增长vt.增加 加大vi.增加 繁殖
10,example,[ɪɡ'zɑːmpəl],n.例子 实例 例题 范例 榜样 鉴戒 实例
10,grow,[ɡrəʊ],vi.生长 成长 渐渐变得 增长 增高vt.种植 栽培 培育
10,decide,[dɪ'saɪd],v.决定 判决
10,accord,[ə'kɔːd],n.一致 符合 调和 协定 vt.一致 给与 vi.符合
10,however,[haʊ'evə],adv.无论如何 可是 仍然 究竟 conj.不管用何种方法 然而 可是
10,struggle,[strʌɡl],n.竞争 努力 奋斗vi.努力 奋斗 挣扎vt.尽力使得 使劲移动
10,self,[self],n.自己 自我 本性 本质 本人 私心vt.使近亲繁殖 [植]使自花授精vi.[植]自花授精adj.同一的
10,benefit,[benɪfɪt],n.利益 好处vt.有益于 有助于vi.受益
10,point,[pɔɪnt],n.点 尖端 分数 要点 分数vt.弄尖 指向 指出 瞄准 加标点于vi.指 指向 表明
10,motivate,[məʊtɪveɪt],v.激发
10,setback,[setbæk],n.顿挫 挫折 退步 逆流  疾病的 复发
10,tell,[tel],vt.告诉 说 吩咐 断定 知道vi.讲述 泄密 告发 表明 作证n.<方>讲的事 传闻
10,paper,[peɪpə],n.纸 报纸 文件 证件 论文 考卷vt.用纸糊 墙壁等  用纸包装adj.纸的 象纸的 纸上的
10,parent,[peərənt],n.[pl.] 双亲 父亲 或母亲 
10,around,[ə'raʊnd],adv.周围 四周 到处 大约 左右 prep.在...周围 四处
10,person,[pɜːsən],n.人 身体 容貌 [语法]人称
10,educator,[ˈedjʊˌkeɪtə],n.教育家
10,teach,[tiːtʃ],v.讲授 教授
10,narrow,[nærəʊ],n.狭窄部分 海峡 隘路adj.狭窄的 精密的 严密的 有限的 气量小的 勉强的 眼光短浅的vi.变窄vt.使变狭窄 使缩小
10,calorie,[kæləri],n.卡路里
9,program,[prəʊɡræm],n.节目 程序 纲要 计划vt.规划 拟...计划 安排...入节目vi.安排节目 编程序  电脑 程序  电视 节目
9,online,[ˈɒnlaɪn],n.联机 在线式
9,away,[ə'weɪ],adv.在远处 到远处 离去
9,easy,[iːzi],adj.容易的 安逸的 舒适的 宽裕的 小康的 从容的 宽容的 流畅的adv.不费力的 轻松 悠闲 慢慢地n.短暂的休息
9,friend,[frend],n.朋友 赞助者 助手
9,difficult,[dɪfɪkəlt],adj.困难的 艰难的  人 难相处的
9,successful,[sək'sesfəl],adj.成功的
9,quality,[kwɒləti],n.质量 品质 性质
9,far,[fɑː],adj. 常用于书面语 远的 久远的 遥远的adv. 表示空间或时间上的距离 远 很远 遥远地 久远地 甚远地 很 很晚地n.远处 远方
9,rate,[reɪt],n.比率 速度 等级 价格 费用vt.估价 认为 鉴定等级 责骂vi.被评价 责骂
9,themselves,[ðəm'selvz], pron.他们自己 她们自己 它们自己 他们亲自 她们亲自 它们亲自
9,unique,[juː'niːk],adj.唯一的 独特的
9,sleep,[sliːp],vi.睡 睡觉n.睡眠
9,role,[rəʊl],n.角色 任务
9,exercise,[eksəsaɪz],n.练习 习题 训练 锻炼 演习v.训练 锻炼vt.行使 使担扰
9,control,[kən'trəʊl],n.控制 支配 管理 调节 抑制 控制器 调节装置vt.控制 支配 管理 物价等  操纵 抑制
9,kind,[kaɪnd],n.种类 性质adj.仁慈的 和蔼的 亲切的 友爱的
9,remote,[rɪ'məʊt],adj.遥远的 偏僻的 细微的
9,space,[speɪs],n.空间 间隔 距离 空地 余地 一段时间vt.留间隔 隔开
9,while,[waɪl],n.一会儿 时间 conj.当...的时候 虽然vt.消磨 prep.<古><方>直到
9,down,[daʊn],adj.向下的adv.向下 在下面 下去 降下 prep.往下 沿着n.绒毛 软毛 开阔的高地
9,expert,[ekspɜːt],n.专家 行家 [军] 特等 射手adj.老练的 内行的 专门的vt.在...中当行家 当专家
9,challenge,[tʃælɪndʒ],n.挑战vt.向...挑战
9,major,[meɪdʒə],n.<美>[教]主修课 [律]成年人 [乐]大调adj.主修的 成年的 大调的vi.主修
9,decade,[dekeɪd],n.十年 十
9,device,[dɪ'vaɪs],n.装置 设计 图案 策略 发明物 设备 [计]安装设备驱动程序
9,every,[evri],adj.每一的 每个的 全部的 每隔...的
9,design,[dɪ'zaɪn],n.设计 图案 花样 企图 图谋  小说等的 构思 纲要v.设计 计划 谋划 构思
9,contribute,[kən'trɪbjuːt],v.捐助 捐献 贡献 投稿
9,damage,[dæmɪdʒ],n.损害 伤害v.招致损害n.[律]  用复数 赔偿金
9,look,[lʊk],n.看 注视 脸色 面容 外表vi.看 注意 朝着 好象 显得vt.打量 注视 用眼神 或脸色 表示 期待
9,childhood,[tʃaɪldhʊd],n.孩童时期
9,education,[edjʊ'keɪʃən],n.教育 训导 训练 培养 教育学
9,ability,[əˈbɪləti],n.能力 才干
9,cognitive,[kɒɡnətɪv],adj.认知的 认识的 有感知的
9,sense,[sens],n.官能 感觉 判断力 见识 ...感 意义 理性vt.感到 理解 认识
8,least,[liːst],adj.最小的 最少的adv.最少 最小
8,another,[ə'nʌðə],adj.另外的 又一 不同的 prep.另一个 另一个人 同类的东西
8,hour,[aʊə],n.小时 钟头 ...点钟 课时  一段 时间
8,duck,[dʌk],n.鸭子 急忙蹲下 闪避 <俚> 人 家伙vi.没入水中 闪避vt.猛按...入水 躲避
8,decline,[dɪ'klaɪn],vi.下倾 下降 下垂v.拒绝 衰落n.下倾 下降 下垂 斜面 斜坡 衰败 衰落
8,body,[bɒdi],n.身体 肉体 人 尸体 主要部分 团体 大量vt.赋以形体
8,encourage,[ɪn'kʌrɪdʒ],vt.鼓励 怂恿v.鼓励 鼓励
8,healthy,[helθi],adj.健康的 健壮的 有益于健康的
8,behavior,[bɪ'heɪvjə],n.举止 行为
8,provide,[prə'vaɪd],v.供应 供给 准备 预防 规定
8,snack,[snæk],n.小吃 快餐 一份v.吃快餐 小吃 
8,professional,[prə'feʃənəl],n.自由职业者 专业人员 职业运动员 职业艺人adj.专业的 职业的
8,reduce,[rɪ'djuːs],vt.减少 缩小 简化 还原
8,select,[sɪ'lekt],vt.选择 挑选adj.精选的
8,list,[lɪst],n.目录 名单 列表 序列 数据清单 明细表 条纹 [总称]各种上市证券vt.列出 列于表上 记入名单内 装布条vi.列于表上
8,individual,[ɪndɪ'vɪdʒuːəl],n.个人 个体adj.个别的 单独的 个人的
8,thus,[ðʌs],adv.因而 从而 这样 如此
8,value,[væljuː],n.价值 估价 评价 价格 [数]值 确切涵义vt.估价 评价 重视
8,area,[eəriə],n.范围 区域 面积 地区 空地
8,partner,[pɑːtnə],n.合伙人 股东 舞伴 伴侣vt.与...合伙 组成一对vi.做伙伴 当助手
8,solve,[sɒlv],vt.解决 解答
8,felt,[felt],n.毡 毡制品  造纸用的 毛布vt.把...制成毡 使粘结vi.粘结 vbl.feel的过去式和过去分词
8,claim,[kleɪm],n. 根据权利提出 要求 要求权 主张 要求而得到的东西vt. 根据权利 要求 认领 声称 主张 需要
8,argue,[ɑːɡjuː],vi.争论 辩论vt.说服
8,nearly,[nɪəli],adv.几乎 密切地
8,emotion,[ɪ'məʊʃən],n.情绪 情感 感情
8,labor,[leɪbə],n.劳动 努力 工作 劳工 分娩 阵痛vi.劳动 努力争取 for  苦干vt.详细分析 麻烦
8,community,[kəˈmjuːnəti],n.公社 团体 社会  政治 共同体 共有 一致 共同体  生物 群落
8,process,[prəʊses],n.过程 作用 方法 程序 步骤 进行 推移vt.加工 处理
8,reason,[riːzən],n.理由 原因 动机 理智 前提vt.说服 推论 辩论vi.推论 劝说 思考
8,simply,[sɪmpli],adv.简单地 完全 简直 仅仅 只不过 朴素地 只是
8,diet,[daɪət],n.通常所吃的食物 会议
8,form,[fɔːm],n.形状 形态 外形 表格 形式v.形成 构成 排列  使 组成
8,loneliness,[ləʊnlɪnəs],n.孤独 寂寞
8,idea,[aɪ'dɪə],n.想法 念头 意见 主意 思想 观念 概念
8,late,[leɪt],adj.迟的 晚 期 的 已故的 新近的adv.晚 迟 最近 在晚期
8,probably,[prɒbəbli],adv.大概 或许
8,explore,[ɪk'splɔː],v.探险 探测 探究
8,small,[smɔːl],adj.小的 少的
8,nightmare,[ˈnaɪtˌmeə],n.梦魇 恶梦 可怕的事物
8,still,[stɪl],n.寂静 剧照 照片adj.静止的 静寂的adv.还 仍 更 还要 尽管如此 依然 静止画面 静态图片
8,fill,[fɪl],vt.装满 注满 充满 填充 弥漫 供应 供给 满足vi.充满n.满足 饱 充分 填方v.填充
8,movie,[muːvi],n.电影
8,engage,[ɪn'ɡeɪdʒ],vt.使忙碌 雇佣 预定 使从事于 使参加vi.答应 从事 交战 [机]接合 啮合
8,type,[taɪp],n.类型 典型 模范 [印刷]活字 铅字v.打字 测定 血等 类型
8,five,[faɪv], num.五 五个 人或物 n.五个一组 <口>五厘息金的证券
8,age,[eɪdʒ],n.年龄 成年 使用年限 同时期的人 时代v.变老 上年纪 成熟
8,belief,[bɪ'liːf],n.信任 信心 信仰
8,system,[sɪstəm],n.系统 体系 制度 体制 秩序 规律 方法
8,whether,[weðə], conj.是否 不管 无论
8,coffee,[kɒfi],n.咖啡 咖啡树 咖啡茶 咖啡豆 咖啡色
8,eh,[eɪ],int. 惊奇 啊 嗯 [域]Western Sahara  西撒哈拉
8,national,[næʃənəl],adj.国家的 国立[有]的 民族的
8,quantity,[kwɒntəti],n.量 数量
8,quantitative,[kwɒntɪtətɪv],adj.数量的 定量的
7,adapt,[ə'dæpt],vt.使适应 改编
7,possible,[pɒsəbəl],adj.可能的 可能存在或发生的
7,big,[bɪɡ],adj.大的 重要的 量大的 重要的adv.夸大地 顺利
7,wild,[waɪld],adj.野性的 野生的 野蛮的 狂热的 疯狂的
7,old,[əʊld],adj.年老的 老的 ...岁的 陈旧的 古老的
7,hard,[hɑːd],adj.硬的 坚固的  问题 工作等 困难的 艰苦的 猛烈的 确实的adv.努力地 辛苦地 坚硬地 牢固地 接近地 猛烈地
7,review,[rɪ'vjuː],vt.回顾 复习n.回顾 复习 评论
7,meet,[miːt],n.会 集会adj.适宜的 合适的vt.遇见  迎 接 与 某人目光 相遇  赴约 和...会面  经介绍 与...相识 对付vi.相遇 接触
7,top,[tɒp],n.顶部 顶端 极点 顶蓬 陀螺  常用复数 根菜植物的叶子 上部 盖子adj.最高的 顶上的 头等的vt.盖 戴 高耸 达到顶端 截去 植物 顶端 高过 超越vi.结束 完成 胜过
7,track,[træk],n.轨迹 车辙 跟踪 航迹 足迹 路 磁轨 途径 vt.循路而行 追踪 通过 用纤拉 vi.追踪 留下足迹 走
7,carefully,[keəfəlɪ],adv.小心地 谨慎地
7,please,[pliːz],adj.满足的vt.请v.使喜欢 中...的意 使满足 取悦
7,lack,[læk],n.缺乏 短缺的东西vt.缺乏 没有 需要vi.缺乏 没有
7,generally,[dʒenərəli],adv.一般 通常 一般地
7,view,[vjuː],n.景色 风景 观点 见解 观察 观看 意见 认为vt.观察 观看
7,avoid,[ə'vɔɪd],vt.避免 消除
7,see,[siː],v.看 看见 了解 领会 注意 留心 经历 阅历
7,rise,[raɪz],n.上升 增加 上涨 高地 小山 发生 出现vi.升起 起身 发源 起义 高耸 增长 上升 复活vt.使飞起
7,attach,[ə'tætʃ],vt.缚上 系上 贴上v.配属 隶属于
7,contain,[kən'teɪn],vt.包含 容纳 容忍vi.自制v.[军]牵制 敌军 v.[数]可被...除尽
7,derive,[dɪ'raɪv],vt.得自vi.起源
7,story,[stɔːri],n.故事 小说 传说 事迹 经历 假话 谎话
7,anxiety,[æŋ'zaɪəti],n.忧虑 焦急 渴望 热望
7,level,[levəl],n.水平 水平面 水准 标准 级别adj.同高的 平坦的 齐平的 水平的vt.使...水平 夷平 使同等 瞄准 对准vi.变平 拉平
7,term,[tɜːm],n.学期 期限 期间 条款 条件 术语
7,responsibility,[rɪspɒnsə'bɪləti],n.责任 职责
7,nature,[neɪtʃə],n.自然 自然界 大自然 自然状态 本性 天性 种类
7,emotional,[ɪ'məʊʃənəl],adj.情绪的 情感的
7,sure,[ʃʊə],adj.对....有把握 确信某事 稳当的 可靠的adv.的确 当然
7,reach,[riːtʃ],n.延伸 区域 河段 范围  车子前后轴的 联接杆 横风行驶vt.到达 达到 伸出 影响vi.达到 延伸 伸出手 传开
7,daily,[deɪli],adj.每日的 日常的adv.每日 日常地 天天n.日报 <美口>朝来夜去的女佣
7,badly,[bædli],adv.严重地 恶劣地
7,few,[fjuː],adj.很少的 不多的 少数的n.[表示否定]很少数 几乎没有
7,simple,[sɪmpəl],adj.简单的 简易的 朴素的 简朴的 天真的 率直的 无经验的 易受骗的
7,place,[pleɪs],n.地方 地点 位置 职位 处境 住所 地位vt.放置 寄予 任命vi.名次列前
7,specific,[spə'sɪfɪk],n.特效药 细节adj.详细而精确的 明确的 特殊的 特效的 [生物]种的
7,deal,[diːl],n.交易  政治上的 密约 待遇 份量 <口>买卖vi.处理 应付 做生意vt.分配 分给 out  发牌 给予
7,under,[ʌndə], prep.在...之下 在...之内 在...领导下 低于 假借adv.在下
7,real,[rɪəl],adj.真的 真实的 不动产的
7,run,[rʌn],n.跑 赛跑 奔跑 运转 趋向vi.跑 奔 逃跑 竞选 跑步 蔓延 进行 行驶vt.使跑 参赛 追究 使流 管理 运行 开动adj.熔化的 融化的 浇铸的 vbl.run的过去式和过去分词
7,measure,[meʒə],n.尺寸 量度器 量度标准 方法 测量 措施vt.测量 测度 估量 分派 权衡 调节vi.量
7,adult,[ˈædʌlt],n.成人 成年人adj.成人的 成熟的
7,failure,[feɪljə],n.失败 失败者 缺乏 失灵 故障 破产 疏忽 <美>不及格
7,walk,[wɔːk],vi.步 行 走n.步行 散步 步 行道
7,lot,[lɒt],n.签 抽签 一堆 许多 命运 一块地 份额vt.划分vi.抽签 抓阄
7,society,[sə'saɪəti],n.社会 ...会 ...社 友伴 交际 社交界 上流社会
7,digital,[dɪdʒɪtəl],adj.数字的 数位的 手指的n.数字 数字式
7,electronic,[elek'trɒnɪk],adj.电子的
7,senior,[siːniə],adj.年长的 资格较老的 地位较高的 高级的
7,across,[ə'krɒs],adv.横过 交叉地 在对面 prep.越过 交叉 在...的那边 在...对面那边
7,relate,[rɪ'leɪt],vt.叙述 讲 使联系 发生关系
7,touch,[tʌtʃ],n.触 触觉 接触 联系 轻触 碰 缺点 格调vt.接触 触摸 触及 达到 涉及 点缀 使接触 感动vi.触摸 接近 涉及 提到
7,finding,[faɪndɪŋ],n.发现 发现物 决定 [律]裁决
7,product,[prɒdʌkt],n.产品 产物 乘积
7,field,[fiːld],n.原野 旷野 领域  一块 田地 牧场 域 战场 运动场vt.把 谷物等 暴晒于场上 使上场vi.担任场外队员adj.田间的 野生的 野外的 田赛的 扫描场
7,bear,[beə],n.熊v.负担 忍受 带给 具有 挤 向
7,english,[ɪŋɡlɪʃ],adj.英文的 英国人的 英格兰的n.英国人 英语
7,advice,[əd'vaɪs],n.忠告 建议 [商]通知
7,obese,[əʊ'biːs],adj.肥胖的 肥大的
7,father,[fɑːðə],n.父亲 岳父 公 丈夫的父亲  祖先 前辈 长辈 神父 创始者vt.当...的父亲 保护 创立 治理 发明 培养
7,car,[kɑː],n.汽车 小汽车 车辆 客车 [铁]车厢
7,century,[sentʃəri],n.世纪 百年 百个 板球中的一百分 百元 钞票 
7,success,[sək'ses],n.成功 成就 胜利 发迹 兴旺
7,evidence,[evɪdəns],n.明显 显著 明白 迹象 根据 [物]证据 证物
7,jimmy,[dʒɪmi],n.铁撬vt.用铁撬撬开
7,nutrition,[njuː'trɪʃən],n.营养 营养学
6,environment,[ɪn'vaɪrənmənt],n.环境 外界
6,aim,[eɪm],n.目标 目的 瞄准v.对...瞄准 打算
6,city,[sɪti],n.城市 都市 全体居民 城邦
6,enjoy,[ɪn'dʒɔɪ],vt.享受...的乐趣 欣赏 喜爱v.满意
6,paint,[peɪnt],n.油漆 颜料 涂料v.油漆  用颜料等 画 绘 描绘 逼真地描述
6,stay,[steɪ],n.逗留 延缓 中止 支柱v.在 暂住 坚持 止住 抑制 延缓 停 下 
6,habit,[hæbɪt],n.习惯 习性
6,prepare,[prɪ'peə],v.准备 预备 有能力而且愿意
6,sometimes,[sʌmtaɪmz],adv.不时 有时
6,item,[aɪtəm],n. 可分类或列举的 项目 条款  消息、情报等的 一则 一条
6,strong,[strɒŋ],adj.强 强壮的 坚固的 浓的 强烈的 强大的 强的 强硬的
6,particular,[pə'tɪkjʊlə],n.细节 详细adj.特殊的 特别的 独特的 详细的 精确的 挑剔
6,recognize,[rekəɡnaɪz],vt.认可 承认 公认 赏识vi.具结
6,gap,[ɡæp],n.缺口 裂口 间隙 缝隙 差距 隔阂
6,common,[kɒmən],adj.共同的 公共的 公有的 普通的 庸俗的 伪劣的n.[复][总]平民 公有 普通 共通
6,suffer,[sʌfə],vt.遭受 经历 忍受vi.受痛苦 受损害
6,brain,[breɪn],n.脑 头脑
6,exist,[ɪɡ'zɪst],vi.存在 生存 生活 继续存在
6,put,[pʊt],vt.放 摆 安置 表达 迫使 移动 提出 赋予vi.出发 航行 发芽 击n.掷 投击 笨蛋 怪人 vbl.put的过去式和过去分词adj.固定不动的
6,expect,[ɪk'spekt],vt.期待 预期 盼望 指望 <口> 料 想 认为
6,colleague,[ˈkɒˌliːɡ],n.同事 同僚
6,rather,[rɑːðə],adv.宁愿 宁可 更正确 更合适 有点 相当
6,talk,[tɔːk],v.谈话 讲 谈论 议论 说服某人做某事n.谈话 会谈 讲演 讲话
6,goal,[ɡəʊl],n.目的 目标 守门员 球门  球赛等的 得分
6,america,[ə'merɪkə],n.<美>美国 美洲 包括北美和南美洲 
6,unfinished,[ʌn'fɪnɪʃt],adj.未完成的 未琢磨的 未染色的
6,productivity,[prɒdʌk'tɪvəti],n.生产力
6,set,[set],v.放 置 移动到 使 人或事物处于某种状态  提出 树立 规定 调整 n.一套 一副 一批 接受机 装置 趋势 布景 adj.固定的 规定的 坚决的 固执的 事先做好的 Secure Electronics Transations Protocol 安全电子商务协议
6,specie,[spiːʃiː],n.硬币
6,definition,[defə'nɪʃən],n.定义 解说 精确度  轮廓影像等的 清晰度
6,complex,[kəm'pleks],adj.复杂的 合成的 综合的n.联合体
6,non,[nɒn],adv.非 不
6,animal,[ænɪməl],n.动物
6,project,[prəʊdʒekt],n.计划 方案 事业 企业 工程v.设计 计划 投射 放映 射出 发射 导弹等  凸出
6,yourself,[jə'self], pron.你自己
6,turn,[tɜːn],n.转动 旋转 转变方向 轮流 时机  一 回 倾向 癖性v. 使 转动 翻转 扭转  使 变质 超过 年龄 数量等  车 成 
6,especially,[ɪ'speʃəli],adv.特别 尤其
6,always,[ɔːlweɪz],adv.总是 永远 始终
6,game,[ɡeɪm],n.比赛 游戏 竞赛 [复]运动会 玩耍 比分 比赛规则 策略vi.赌博adj.勇敢的 有胆量的 关于野味的 跛的
6,course,[kɔːs],n.过程 经过 进程 方针 路线 跑道 课程 一道菜v.追猎 急行 运行 流动 学业
6,percent,[pə'sent],n.百分比 百分数
6,usually,[ˈjuːʒʊəli],adv.通常 大抵
6,group,[ɡruːp],n.团体 组 团 群 批 [地]界 [化]基v.聚合 成群
6,factor,[fæktə],n.因素 要素 因数 代理人
6,country,[kʌntri],n.国家 国土 [总称]国民 乡村 故乡adj.乡下的 乡村的 [方]祖国的 故乡的
6,face,[feɪs],n.脸 面容 表情 威信 正面 地形 外观vt.面对 面向 面临 承认 抹盖vi.朝 向
6,yet,[jet],adv.仍 至今 益发 更 conj.然而 但是
6,fix,[fɪks],vt.使固定 装置 修理 准备 安装 凝视 整理 牢记vi.固定 注视 决定 选定 确定n.困境 方位 贿赂
6,examine,[ɪɡ'zæmɪn],v.检查 调查 考试
6,boost,[buːst],v.推进
6,speech,[spiːtʃ],n.演说 讲话 语音
6,train,[treɪn],n.火车 列车 行列 后果 顺序 长队 长袍 裙 拖地的部分 导火线vt.训练 培养 瞄准  园艺 整枝vi.锻炼
6,blood,[blʌd],n.血 血液 血统v.使 某人 先取得经验
6,full,[fʊl],n.全部 完整adj.充满的 完全的 丰富的 完美的 详尽的 丰满的adv.完全地 整整 十分vt.把衣服缝得宽大
6,seem,[siːm],vi.象是 似乎
6,risk,[rɪsk],vt.冒...的危险n.冒险 风险
6,able,[eɪbl],adj.能...的 有才能的 能干的 能够的
6,potential,[pə'tenʃəl],adj.潜在的 可能的 势的 位的n.潜能 潜力 电压
6,miss,[mɪs],n.过错 避免 失败 小姐 姑娘vt.未得到 未达到 未听到 思念 未觉察 错过 遗漏 逃脱vi.失败 击不中
6,rich,[rɪtʃ],adj.富的 有钱的 富有的 富饶的 肥沃的 充足的 丰富的
6,wang,[wɑːnɡ],n.王 王安电脑公司
6,statistic,[stə'tɪstɪk],n.统计量adj.统计的 统计学的
6,sugar,[ʃʊɡə],n.糖 食糖
5,proposal,[prə'pəʊzəl],n.提议 建议
5,listen,[lɪsən],vi.听 听从v.听 收听
5,wrong,[rɒŋ],adj.错误的 不正当的 道德不好的 失常的adv.错误地n.坏事 错误 不公正
5,restaurant,[restərɒnt],n.餐馆 饭店
5,manager,[mænɪdʒə],n.经理 管理人员 管理器
5,hunt,[hʌnt],v.打猎 猎取 搜索 搜寻 猎获n.打猎 猎取 搜索 搜寻 狩猎
5,remain,[rɪ'meɪn],vi.保持 逗留 剩余 残存
5,popular,[pɒpjʊlə],adj.通俗的 流行的 受欢迎的
5,kill,[kɪl],v.杀死 毁掉 杀伤
5,move,[muːv],n.移动 迁居 步骤vt.移动 感动 鼓动vi.移动 离开 运行 迁移 搬家
5,check,[tʃek],n.阻止 制止 控制 阻止物 支票 检讫的记号 饭馆的帐单vt.检查 制止 核对 寄存 托运vi.证明无误 核对无误 逐项相符 [象棋]将军
5,free,[friː],adj.自由的 大方的 免费的 免税的 丰富的 空闲的vt.释放 使自由adv.自由地 免费
5,ignore,[ɪɡ'nɔː],vt.不理睬 忽视 [律] 因证据不足而 驳回诉讼
5,psychological,[saɪkə'lɒdʒɪkəl],adj.心理 上 的
5,difficulty,[dɪfɪkəlti],n.困难 难点
5,against,[ə'ɡenst], prep.相反 反对 逆着 靠着 倚着
5,various,[veəriəs],adj.不同的 各种各样的 多方面的 多样的
5,personality,[pɜːsə'næləti],n.个性 人格 人物 名人  用复数 诽谤、人身攻击
5,humble,[hʌmbəl],adj.卑下的 微贱的 谦逊的 粗陋的vt.使...卑下 挫 贬抑
5,limit,[lɪmɪt],n.界限 限度 限制vt.限制 限定
5,perhaps,[pə'hæps],adv.或许 多半
5,huge,[hjuːdʒ],adj.巨大的 极大的 无限的
5,publish,[pʌblɪʃ],v.出版 刊印vt.公布 发表
5,journal,[dʒɜːnəl],n.定期刊物 杂志 航海日记 分类账
5,difference,[dɪfrəns],n.差异 差别 分歧 争论 [数]差额 差分adj.[数]微分的 [机]差动的
5,datum,[deɪtəm],n.数据 资料
5,though,[ðəʊ],adv.虽然 可是 conj.虽然 尽管
5,force,[fɔːs],n.力量 武力 精力 魄力 势力 暴力 [复]军队 影响力vt.强制 强加  用武力 夺取 促使 推动 施加压力
5,actually,[æktʃuːəli],adv.实际上 事实上 竟然 居然 如今
5,label,[leɪbəl],n.标签 签条 商标 标志vt.贴标签于 指...为 分类 标注 [计] 加上或修改磁盘的标签
5,corporate,[kɔːpərət],adj.社团的 法人的 共同的 全体的
5,extend,[ɪk'stend],v.扩充 延伸 伸展 扩大[军]使疏开 给予 提供 演化出的全文 <英>[律]对 地产等 估价
5,beyond,[bɪ'jɒnd], prep.在 到 ...较远的一边 超过 那一边adv.在远处n.远处
5,attack,[ə'tæk],n.进攻 攻击  用语言 抨击 批评 疾病发作 侵袭vt.攻击 抨击 动手处理 某事 vi.攻击
5,off,[ɒf],adj.远的 空闲的 不工作的adv.离开 在远方 离去 分离 中断 完成 prep.从...离开 脱离
5,effort,[efət],n.努力 成就
5,fail,[feɪl],vi.失败 不及格 忘记vt.使失望 舍弃 辜负 不及格n.不及格 不及格者
5,saving,[seɪvɪŋ],n.存款 挽救 救助 节约adj.搭救的 挽救的 节约的 节俭的 保留的 补偿的 prep.除...之外 考虑到
5,note,[nəʊt],n.笔记 短信  外交 照会 注解 注释 票据 纸币 音符vt.注意 记录 笔记
5,similar,[sɪmɪlə],adj.相似的 类似的
5,team,[tiːm],n.队 组
5,drive,[draɪv],n.驾车 驱动器 快车道 推进力 驱使 动力 干劲 击球vt.开车 驱赶 推动、发动 机器等  驾驶 马车 汽车等 vi.开车 猛击 飞跑n.[计]驱动器
5,wonder,[wʌndə],n.奇迹 惊奇 惊愕vt.对...感到惊讶 惊奇 想知道vi.惊讶 怀疑adj.非凡的 奇妙的
5,amount,[ə'maʊnt],n.数量vi. to  总计 等于
5,month,[mʌnθ],n.月
5,fall,[fɔːl],n.秋天 落下 瀑布 降低 落差 采伐量 堕落 下降vi.倒下 落下 来临 失守 变成 垮台 下跌 阵亡vt.<美><英方>击倒 砍倒 树木 adj.秋天的
5,hold,[həʊld],n.把握 把持力 柄 控制 监禁 掌握 货舱vt.拿着 保存 支持 占据 持有 拥有vi.支持 保持 有效n.控制 保留
5,kid,[kɪd],n.哄骗 取笑 开玩笑 小孩 小山羊v.哄骗 取笑 开玩笑 欺骗
5,certain,[sɜːtən],adj.确定的 某一个 无疑的 必然的 可靠的 pron.某几个 某些
5,medicine,[medəsən],n.药 医学 内科学 内服药vt.给...用药
5,state,[steɪt],n.情形 状态 国家 政府 州adj.国家的 国有的 国营的 州的 正式的 典礼用的vt.声明 陈述 规定
5,reveal,[rɪ'viːl],vt.展现 显示 揭示 暴露
5,text,[tekst],n.正文 原文 课文 课本
5,half,[hɑːf],n.一半 半时  球赛 半场 半学年adj.一半的 不完全的 半途的adv.一半地 部分地 相当的
5,conduct,[kən'dʌkt],n.行为 操行v.引导 管理 为人 传导
5,fit,[fɪt],n.突然发作 适合 痉挛 一阵adj.合适的 恰当的 健康的  准备好的vt.适合 安装 使合身 使适应 使合格vi.适合 符合
5,critical,[krɪtɪkəl],adj.评论的 鉴定的 批评的 危急的 临界的
5,college,[kɒlɪdʒ],n. 综合大学中的 学院  独立的 学院 <美>大学 <英>公学 书院 高等专科学院 大学 学会
5,main,[meɪn],n.主要部分 体力 力量 大陆 要点 干线adj.主要的 重要的 全力的n.[计] 主群组
5,widespread,[waɪdspred],adj.分布广泛的 普遍的
5,fact,[fækt],n.事实 实际 实情 真相  犯罪 行为 论据
5,loss,[lɒs],n.损失 遗失 失败 输 浪费 错过 [军]伤亡 降低
5,routine,[ruː'tiːn],n.例行公事 常规 日常事务 程序
5,refer,[rɪ'fɜː],vt.提交 谈及 归诸于 指点把...提交 使求助于vi.提到 涉及 查阅 咨询
5,mostly,[məʊstli],adv.主要地 大部分 通常
5,member,[membə],n.成员 会员 议员  人或动 植物的 一部分 [语]子句 成分 [逻]推论的命题
5,friendship,[frendʃɪp],n.友谊 友好
5,attention,[ə'tenʃən],n.注意 关心 关注 注意力  口令 立正!
5,art,[ɑːt],n.艺术 艺术品 技术 巧妙 美术
5,service,[sɜːvɪs],n.服务 服务性工作 服役 仪式vt.保养 维修adj. 军队 服现役的 服务性的 仆人的 耐用的
5,call,[kɔːl],n.喊声 叫声 命令 号召 访问 叫牌 通话 必要v.呼叫 召集 称呼 认为 命名 打电话
5,creative,[kri'eɪtɪv],adj.创造性的
5,computer,[kəmˈpjuːtə],n.计算机 电脑
5,remove,[rɪ'muːv],vt.移动 开除 移交vi.迁移 搬家n.移动 距离 班级 升级
5,chinese,[ˌtʃaɪˈniːz],adj.中国的 中国人的 中国话的 汉语的n.中国人 中国话 汉语 中文
5,local,[ləʊkəl],adj.地方的 当地的 局部的 乡土的n.当地居民 本地新闻 慢车 局部
5,future,[fjuːtʃə],n.未来 将来 前途 远景adj.未来的 将来的
5,ensure,[ɪn'ʃɔː],vt.保证 担保 使安全 保证得到v.确保 确保 保证
5,customer,[kʌstəmə],n.消费者
5,client,[klaɪənt],n.[计]顾客 客户 委托人 客户机程序
5,stick,[stɪk],n.棍 棒 手杖v.粘住 粘贴vt.刺 戳
5,connection,[kə'nekʃən],n.连接 关系 接线 线路 亲戚
5,accept,[ək'sept],vt.接受 认可 承担 承兑vi.同意 承认
5,leader,[liːdə],n.领导者 社论n.[计]前导字符n.[机]导杆
5,drink,[drɪŋk],n.饮料 酒 酗酒 一口 或一些 饮料v.喝 喝酒  植物、土壤等的 吸水 举杯庆贺
5,depression,[dɪ'preʃən],n.沮丧 消沉 低气压 低压
5,intelligence,[ɪn'telɪdʒəns],n.智力 聪明 智能
5,hormone,[hɔːməʊn],n.荷尔蒙 激素
5,experiment,[ɪk'sperɪment],n.实验 试验vi.进行实验 做试验
5,enhance,[ɪn'hɑːns],vt.提高 增强v.提高
5,creativity,[kriːeɪ'tɪvəti],n.创造力 创造
5,efficiency,[ɪ'fɪʃənsi],n.效率 功效
5,win,[wɪn],v. 获 胜 赢得 劝诱 取得胜利n.赢 胜利
5,emission,[ɪ'mɪʃən],n. 光、热等的 散发 发射 喷射
5,shop,[ʃɒp],n.商店 店铺vi.买东西 购货
5,numberless,[nʌmbələs],adj.无数的 无号码的
5,distinction,[dɪ'stɪŋkʃən],n.区别 差别 级别 特性 声望 显赫
4,plane,[pleɪn],n.平面 飞机 水平 程度 刨adj.平的 平面的v.刨 刨平
4,domestic,[də'mestɪk],adj.家庭的 国内的 与人共处的 驯服的
4,soon,[suːn],adv.立刻 不久 快 早 宁愿
4,continue,[kən'tɪnjuː],v.继续 连续 延伸
4,replace,[rɪ'pleɪs],vt.取代 替换 代替 把...放回原处
4,owner,[əʊnə],n.所有者 业主
4,farm,[fɑːm],n.农场 农庄 农田vt.耕种vi.种田 务农 经营农场 从事畜牧
4,involve,[ɪn'vɒlv],vt.包括 笼罩 潜心于 使陷于
4,class,[klɑːs],n.班级 阶级 社会等级 种类  一节 课vt.把...分类 或分等级 
4,stimulate,[stɪmjʊleɪt],vt.刺激 激励v.刺激 激励
4,ideal,[aɪ'dɪəl],n.理想adj.理想的 完美的 想象的 观念的 唯心论的
4,offer,[ɒfə],n.出价 提议 意图vt.提供 出价 贡献 使出现 企图 演出vi. 机会、时机等 出现 献祭 提议
4,fat,[fæt],n.脂肪 肥肉 adj.肥大的 丰满的 肥的 胖的 油腻的 vt.养肥 在...中加入脂肪 vi.长肥 File Allocation Table 文件分配表
4,romantic,[rəʊ'mæntɪk],adj.传奇式的 浪漫的 空想的 夸大的
4,humility,[hjuː'mɪləti],n.谦卑
4,realize,[ˈriəˌlaɪz],vt.认识到 了解 实现 实行
4,personal,[pɜːsənəl],adj.私人的 个人的 亲自的 容貌的 身体的 人身的 针对个人的adj.[语法]人称的
4,appear,[ə'pɪə],vi.出现 看来 似乎 公开露面 出版 发表
4,love,[lʌv],n.爱 热爱 爱情 爱好 性爱 情人 零vt.爱 热爱 爱好 爱慕vi.爱
4,mind,[maɪnd],n.头脑 智力 精神 意见 情绪vi.介意 照顾 留心vt.注意 留意 专心于 照看 介意
4,severe,[sɪ'vɪə],adj.严厉的 严格的 剧烈的 严重的 严峻的
4,clinical,[klɪnɪkəl],adj.临床的 病房用的
4,extensive,[ɪk'stensɪv],adj.广大的 广阔的 广泛的
4,unite,[juː'naɪt],v.联合 团结
4,scholar,[skɒlə],n.学者
4,concept,[ˈkɒnsept],n.观念 概念
4,conflict,[kɒnflɪkt],n.斗争 冲突vi.抵触 冲突
4,manage,[mænɪdʒ],vi.处理 应付过去vt.管理 控制 操纵 维持 运用 搞成 设法 达成
4,platform,[plætfɔːm],n. 车站 月台 讲台 讲坛 平台
4,gain,[ɡeɪn],n.财物的增加 财富的获取 利润 腰槽 收获vt.得到 增进 赚到 开腰槽于vi.获利 增加
4,harvard,[ˈhɑːvəd], 美国哈佛大学
4,symptom,[sɪmptəm],n.[医][植]症状 征兆
4,consequence,[kɒnsɪkwəns],n.结果 [逻]推理 推论 因果关系 重要的地位
4,provider,[prə'vaɪdə],n.供给者 供应者 养家者
4,increasingly,[ɪn'kriːsɪŋli],adv.日益 愈加
4,achieve,[ə'tʃiːv],vt.完成 达到
4,sign,[saɪn],n.标记 符号 记号 征兆 迹象 征候v.签名 于  署名 于 ～ 签署
4,norm,[nɔːm],n.标准 规范
4,shift,[ʃɪft],n.移动 轮班 移位 变化 办法 手段vt.替换 转移 改变 移转 推卸 变速vi.转换 移动 转变 推托 变速
4,pass,[pɑːs],n.经过 关口 途径 护照 通行证 入场券 传球 及格vt.通过 审查通过 忽略 传递vi.经过 变化 流通 宣判 被忽略 终止 传递 不叫牌
4,rely,[rɪ'laɪ],v.依赖 依靠 信赖 信任 依赖于
4,chair,[tʃeə],n.椅子 教授职位 主席位 讲座vt.使入座 使就任要职
4,purpose,[pɜːpəs],n.目的 意图 用途 效果 决心 意志vt.打算 企图 决心
4,since,[sɪns],adv.以后 后来 以前 prep.自从 自...以来 conj.自...以后 自...以来 因为 既然
4,pas,[pɑː],n.舞步 舞蹈
4,represent,[reprɪ'zent],vt.表现 描绘 声称 象征 扮演 回忆 再赠送 再上演vi.提出异议
4,negatively,[neɡətɪvlɪ],adv.否定地 消极地
4,conclude,[kən'kluːd],v.结束 终止 决定 作出结论vt.推断 断定 缔结 议定
4,knowledge,[nɒlɪdʒ],n.知识 学问 认识 知道 <古>学科
4,define,[dɪ'faɪn],vt.定义 详细说明
4,prove,[pruːv],vt.证明 证实 检验 考验vi.原来 是  证明 是 
4,gene,[dʒiːn],n.[遗传]因子 [遗传]基因 Gene 吉恩 男子名 
4,interact,[ɪntər'ækt],vi.互相作用 互相影响
4,tool,[tuːl],n.工具 用具 爪牙 走狗 手段vt.用工具加工 使用设备vi.使用工具
4,instance,[ɪnstəns],n.实例 建议 要求 情况 场合vt.举...为例 获得例证
4,exact,[ɪɡ'zækt],adj.精确的 准确的 原样的 精密的 严格vt.强求 急需 要求
4,race,[reɪs],n.种族 种族气质 种族特征 赛跑 急流 姜根vi.赛跑 疾走vt.与...赛跑 使空转
4,analyze,[ænəlaɪz],vt.分析 分解
4,drastically,[drɑːstɪklɪ],adv.激烈地 彻底地
4,million,[mɪljən], num.百万 百万个n.[pl.] 无数
4,screen,[skriːn],n.屏 银幕 筛子 掩蔽物 屏风vt.掩蔽 包庇 放映 拍摄 筛vi.拍电影
4,necessarily,[nesə'serəli],adv.必要地
4,generation,[dʒenə'reɪʃən],n.产生 发生 一代 一代人
4,past,[pɑːst],n.过去 往时adj.过去的 结束的 prep.越过 晚于 vbl.pass的过去分词
4,alone,[ə'ləʊn],adj.单独的 独一无二的 孤独的 独自的adv.独自地
4,drop,[drɒp],v.滴下 落下  使声音等 变弱  使价格等 下降 使跌倒 使结束 不再讨论 停止与 某人 交往n.落下 下降 滴 滴剂 点滴 微量 下跌
4,ever,[evə],adv.曾经 永远 不断地 在任何时候 究竟
4,present,[prɪ'zent],n.赠品 礼物 现在 瞄准adj.现在的 出席的 当面的vt.介绍 引见 给 赠送 上演 提出 呈现vi.举枪瞄准
4,influence,[ɪnfluːəns],n.影响 感化 势力 有影响的人 或事   电磁 感应vt.影响 改变
4,practice,[præktɪs],n.实行 实践 实际 惯例 习惯 练习 实习 开业
4,negative,[neɡətɪv],n.否定 负数 底片adj.否定的 消极的 负的 阴性的vt.否定 拒绝 接受 
4,productive,[prə'dʌktɪv],adj.生产性的 生产的 能产的 多产的
4,interpersonal,[ɪntə'pɜːsənəl],adj.人与人之间的 关于人与人之间关系的
4,cultural,[kʌltʃərəl],adj.文化的
4,classify,[klæsɪfaɪ],vt.分类 分等
4,britain,[brɪtən],n.英国
4,interaction,[ɪntər'ækʃən],n.交互作用 交感
4,universal,[juːnɪ'vɜːsəl],adj.普遍的 全体的 通用的 宇宙的 世界的
4,affection,[ə'fekʃən],n.友爱 爱情 影响 疾病 倾向
4,background,[bækɡraʊnd],n.背景 后台 不重要或不引人注目的地方或位置
4,concern,[kən'sɜːn],vt.涉及 关系到n. 利害 关系 关心 关注 关注 所关心的是
4,approach,[ə'prəʊtʃ],n.接近 逼近 走进 方法 步骤 途径 通路vt.接近 动手处理vi.靠近
4,bridge,[brɪdʒ],n.桥 船桥 鼻梁 桥牌vt.架桥 渡过 网桥
4,organization,[ɔːɡənaɪ'zeɪʃən],n.组织 机构 团体
4,whose,[huːz], pron.谁的 那 些 人的
4,initiative,[ɪ'nɪʃətɪv],n.主动
4,determine,[dɪ'tɜːmɪn],v.决定 确定 测定 使下定决心 [律]使终止
4,topic,[tɒpɪk],n.话题 主题
4,shock,[ʃɒk],n.打击 震动 冲突 休克 突击 禾束堆 乱蓬的头发vt.使震动 使休克 使受电击 震惊得vi.震动 吓人adj.蓬乱的 浓密的
4,option,[ɒpʃən],n.选项 选择权 [经]买卖的特权
4,desire,[dɪ'zaɪə],vt.想望 期望 希望 请求 官方丈礼 n.愿望 心愿 要求v.要求
4,function,[fʌŋkʃən],n.官能 功能 作用 职责 典礼 仪式 [数]函数vi. 器官等 活动 运行 行使职责
4,perform,[pə'fɔːm],vt.履行 执行 表演 演出v.完成任务
4,everything,[evriθɪŋ], pron.每件事物 万事
4,search,[sɜːtʃ],n.搜寻 查究v.搜索 搜寻 探求 调查
4,instead,[ɪn'sted],adv.代替 改为 抵作 更换
4,surprise,[sə'praɪz],n.惊奇 诧异 惊人之事 奇袭vt.使惊奇 奇袭adj.令人惊讶的
4,almost,[ɔːlməʊst],adv.几乎 差不多
4,party,[pɑːti],n.党 政党 随行人员 [律]当事人 社交会
4,side,[saɪd],n.边 旁边 面 侧面 胁 一方  一个 方面 摆架子adj.旁边的 侧面的 副的 枝节的vi.站在同一边
4,dictionary,[dɪkʃənəri],n.字典 词典
4,pile,[paɪl],n.堆 大堆 高大建筑 <美口>大量钱财 <美>[核]反应堆 [电]电池组vi.堆起 堆积 积累 挤vt.堆于 累积 堆叠 打桩于 用桩支撑
4,regard,[rɪ'ɡɑːd],n.关心 注意 尊敬 尊重 致意 问候 关系vt.看待 当作 重视 尊敬 关系
4,variety,[və'raɪəti],n.变化 多样性 种种 品种 种类
4,several,[sevrəl],adj.几个 个别的 单独的 pron.几个
4,translation,[træns'leɪʃən],n.翻译 译文 转化 调任 转换[物][数]平移
4,translate,[træns'leɪt],vt.翻译 解释 转化 转变为 调动vi.翻译 能被译出
4,together,[tə'ɡeðə],adv.共同 一起 合起来 集拢地
4,buy,[baɪ],v.买n.购买 买卖
4,second,[sekənd],n.秒 片刻 第二者 第二人 助手 次货 二等品adj.另一个 又一个 num.第二vt.赞成 支持
4,bean,[biːn],n.豆 豆形果实
4,distribute,[dɪ'strɪbjuːt],vt.分发 分配 散布 分布 分类 分区v.分发
4,cope,[kəʊp],vi. 善于 应付  善于 处理
4,overall,[əʊvərɔːl],adj.全部的 全面的
4,economic,[ekə'nɒmɪk],adj.经济 上 的 产供销的 经济学的
4,maker,[meɪkə],n.制造者 上帝 [律]发期票的人
4,acquire,[ə'kwaɪə],vt.获得 学到
4,tinker,[tɪŋkə],vi.做焊锅匠 笨拙的修补vt.修补n.修补匠 焊锅
4,key,[kiː],n.钥匙 关键 解答  打字机等的 键 调子 对译本  开钟表、发条的 栓 要害vt.调节...的音调 锁上 插上栓 提供线索vi.使用钥匙n.[乐]键 调 基调
4,star,[stɑː],n.星 恒星 明星 名角
4,talent,[tælənt],n.天才 才干 才能
4,nut,[nʌt],n.坚果 螺母 螺帽 难解的问题
4,intake,[ɪnteɪk],n. 水管、煤气管等的 入口 进口 通风口  在一定期间的 引入的量
4,carbon,[kɑːbən],n.[化]碳 元素符号C   一张 复写纸
4,minister,[ˈmɪnɪstə],n.部长 大臣
4,numerical,[njuː'merɪkəl],adj.数字的 用数表示的adj.数字的 用数字表示的
4,instinct,[ɪnstɪŋkt],n.本能
4,nestle,[nesəl],vi.舒适地坐定 偎依vt.抱 安置
4,coca,[kəʊkə],n.[植]古柯 南美及西印度群岛所产的一种药用植物  古柯叶
4,cola,[kəʊlə],n.可乐树 其子含咖啡碱  可乐类饮料
3,suppose,[sə'pəʊz],vt.推想 假设 猜想vi.料想 conj.假使...结果会怎样
3,organize,[ɔːɡənaɪz],vt.组织 使有机化 给予生机vi.组织起来
3,participant,[pɑː'tɪsɪpənt],n.参与者 共享者adj.参与的
3,land,[lænd],n.陆地  书面语 国家、国土 地带 [复数]地产 田产vi.靠岸 登陆 登岸 到达vt.使上岸 使登陆 使到达 使处于
3,send,[send],vt.送 寄 发送 派遣 打发
3,baby,[beɪbi],n.婴孩
3,six,[sɪks], num.六 六个
3,complication,[kɒmplɪ'keɪʃən],n.复杂化  使复杂的 因素n.[医]并发症
3,newly,[njuːli],adv.重新 最近 以新的方式
3,expand,[ɪk'spænd],vt.使膨胀 详述 扩张vi.张开 发展
3,sell,[sel],v.出售 卖
3,dollar,[dɒlə],n.元 美元
3,climate,[klaɪmət],n.气候 风土 思潮
3,effective,[ɪ'fektɪv],adj.有效的 被实施的 给人深刻印象 有生力量
3,raise,[reɪz],n.上升 高地 提出vt.升起 唤起 提高 使出现 解除 饲养 筹集 使复活
3,furniture,[fɜːnɪtʃə],n.家具 设备 储藏物
3,cover,[kʌvə],n.盖子 封面 藉口vt.覆盖 铺 掩饰 保护 掩护 包括 包含 适用vi.覆盖 涂 代替
3,else,[els],adj.别的 其他的adv.另外 其他
3,lunch,[lʌntʃ],n.午餐
3,treat,[triːt],n.宴请 款待 请客vt.视为 对待 论述 治疗 款待vi.交涉 谈判 协商 款待 作东
3,discriminate,[dɪ'skrɪmɪneɪt],v.歧视 区别 区别待遇
3,account,[ə'kaʊnt],n.计算 帐目 说明 估计 理由 vi.说明 总计有 认为 得分 vt.认为
3,iii,[],num.罗马数字 3
3,trait,[treɪt],n.显著的特点 特性
3,confidence,[kɒnfɪdəns],n.信心
3,indicate,[ɪndɪkeɪt],vt.指出 显示 象征 预示 需要 简要地说明
3,endure,[ɪn'djʊə],v.耐久 忍耐
3,permanent,[pɜːmənənt],adj.永久的 持久的
3,dream,[driːm],v.做梦 梦见 梦想 想到n.梦 梦想
3,despite,[dɪ'spaɪt], prep.不管 尽管 不论
3,twice,[twaɪs],adv.两次 两倍
3,association,[əsəʊsi'eɪʃən],n.协会 联合 结交 联想
3,psychologist,[saɪ'kɒlədʒɪst],n.心理学者
3,document,[ˈdɒkjʊmənt],n.公文 文件 文档 档案 文献v.证明
3,pressure,[preʃə],n.压 压力 电压 压迫 强制 紧迫
3,nation,[neɪʃən],n.国家 民族
3,unpaid,[ʌn'peɪd],adj.未付款的 不受报酬的
3,housework,[haʊswɜːk],n.家务 劳动 家务事
3,case,[keɪs],n.事 病例 案例 情形 场合 讼案 容器  语法 格
3,express,[ɪk'spres],adj.急速的 特殊的 明确的n.快车 快递 专使vt.表达 表示adv.乘快车 以快递方式
3,essay,[eseɪ],vt.企图 尝试n.企图 散文 小品文 随笔 短文 评论
3,spark,[spɑːk],n.火花 火星 闪光 情郎 花花公子 活力 电信技师 瞬间放电vi.闪烁 发火花 求婚vt.发动 鼓舞 使有朝气 求婚
3,hundred,[hʌndrəd],n.一百个 人或物 一组 许多 num.百 百个adj.许多的
3,step,[step],n.脚步 步幅 步调 步伐 步骤 措施 梯级 台阶v.走 举步 移步 踏 产品数据转换规范
3,insight,[ɪnsaɪt],n.洞察力 见识
3,link,[lɪŋk],n.链环 连结物 火把 链接vt.连结 联合 挽vi.连接起来
3,medical,[medɪkəl],n.医生 体格检查adj.医学的 内科的 <古> 医 药的
3,disturb,[dɪ'stɜːb],vt.弄乱 打乱 打扰 扰乱v.扰乱
3,discover,[dɪ'skʌvə],vt.发现 发觉v.发现
3,quite,[kwaɪt],adv.相当 完全 十分 彻底
3,trust,[trʌst],vt.信任 信赖 盼望 希望 赊卖 热望 切望n. ～ in  信任 信赖
3,overwhelm,[əʊvə'welm],vt.淹没 覆没 受打击 制服 压倒
3,advise,[əd'vaɪz],vt.劝告 忠告 警告 建议
3,considerable,[kən'sɪdərəbəl],adj.相当大 或多 的 值得考虑的 相当可观的
3,estate,[ɪ'steɪt],n.状态 不动产 时期 阶层 财产
3,realm,[relm],n.领域
3,generate,[dʒenəreɪt],vt.产生 发生
3,purchase,[pɜːtʃəs],vt.买 购买n.买 购买
3,desk,[desk],n.书桌 办公桌
3,estimate,[estɪmeɪt],v.估计 估价 评估n.估计 估价 评估
3,discussion,[dɪ'skʌʃən],n.讨论
3,receive,[rɪ'siːv],vt.收到 接到 接收 遭到 受到 接待 接见
3,transfer,[ˈtrænsfər],n.迁移 移动 传递 转移 调任 转帐 过户 转让vt.转移 调转 调任 传递 转让 改变vi.转移 转学 换车
3,transform,[træns'fɔːm],vt.转换 改变 改造 使...变形vi.改变 转化 变换n.[数]变换 式  [语]转换
3,convince,[kən'vɪns],vt.使确信 使信服
3,serious,[sɪəriəs],adj.严肃的 认真的 严重的
3,illustrate,[ɪləstreɪt],vt.举例说明 图解 加插图于 阐明vi.举例
3,ongoing,[ɒnɡəʊɪŋ],adj.正在进行的
3,development,[dɪ'veləpmənt],n.发展
3,gather,[ɡæðə],n.集合 聚集vi.集合 聚集 渐增 蹙眉 化脓vt.使聚集 搜集 积聚 推断
3,isn,[],internal statement number [计] 内码
3,genetic,[dʒə'netɪk],adj.遗传的 起源的
3,regardless,[rɪ'ɡɑːdləs],adj.不管 不顾 不注意
3,infant,[ɪnfənt],n.婴儿 幼儿adj.婴儿的 幼稚的
3,short,[ʃɔːt],n.简略 短路 短裤adj.短的 矮的 不足的 不够的  智力等 弱的 浅薄的 松脆的 简短adv.突然 缺乏 不足
3,per,[pə], prep.每 每一 由 经
3,transition,[træn'zɪʃən],n.转变 转换 跃迁 过渡 变调
3,participate,[pɑː'tɪsɪpeɪt],vi.参与 参加 分享 分担
3,bad,[bæd],adj.劣质的 有害的 坏的 不利的 不健康的 严重的
3,master,[mɑːstə],n.主人 雇主  男 教师 熟练技工 师傅 大师 硕士 <称呼>少爷adj.主人的 熟练的 高明的 主要的vt.征服 控制 精通
3,doctor,[dɒktə],n.医生 博士 [古]学者 <俚>修理师vt.授以博士学位 诊断 修改 <美>治疗 搀混 食物、饮料  修改vi.行医
3,available,[ə'veɪləbəl],adj.可用到的 可利用的 有用的 有空的 接受探访的
3,treatment,[triːtmənt],n.待遇 对待 处理 治疗
3,complicate,[kɒmplɪkeɪt],v. 使 变复杂
3,john,[dʒɒn],n.约翰
3,compare,[kəm'peə],v.比较 相比 比喻 n.比较
3,analysis,[ə'næləsɪs],n.分析 分解
3,average,[ævərɪdʒ],n.平均 平均水平 平均数 海损adj.一般的 通常的 平均的vt.平均为 均分 使平衡 达到平均水平vi.买进 卖出
3,message,[mesɪdʒ],n.消息 通讯 讯息 音讯 差使 广告词 预言 教训vt.通知vi.带信息
3,week,[wiːk],n.星期 周
3,emphasize,[emfəsaɪz],vt.强调 着重v.强调
3,equal,[iːkwəl],adj.相等的 均等的 胜任的 平静的 合适的 不相上下的n.相等的事物 或数量  对手 匹敌 同辈vt.等于 比得上
3,maybe,[meɪbi],adv.大概 或许n.疑虑
3,youth,[juːθ],n.青春 青年时期 初期 少年 青年们
3,cinema,[sɪnəmə],n.电影院 电影
3,watch,[wɒtʃ],n.注视 注意 手表 看守 守护 监视 值班人vt.看 注视 照顾 监视 警戒 守护 看守vi.观看 注视 守侯adj.手表的 挂表的
3,trend,[trend],n.倾向 趋势vi.伸向 倾向 通向
3,newspaper,[njuːzpeɪpə],n.报纸
3,magazine,[ˌmæɡəˈziːn],n.杂志 期刊 军火库 弹药库  枪、炮的 弹仓 胶卷盒
3,material,[mə'tɪəriəl],n.材料 原料 物资 素材 布料adj.物质的 肉体的 具体的 重要的 实质性的
3,last,[lɑːst],adj.最后的 临终的 末尾的 最近的 结论性的vi.持续 支持 维持vt.使维持 楦adv.最后 后来n.最后 末尾 临终 鞋楦头
3,article,[ɑːtɪkəl],n.文章 论文 物品 商品 项目 条款v.清楚说出adj.表达清晰的
3,entire,[ɪn'taɪə],adj.全部的 完整的 整个
3,isolate,[aɪsəleɪt],vt.使隔离 使孤立 使绝缘 离析n.隔离种群
3,connect,[kə'nekt],v.连接 联合 关连
3,belong,[bɪ'lɒŋ],vi.属于 住
3,latin,[lætɪn],n.拉丁文 拉丁语 拉丁语族的adj.拉丁文的 拉丁语的 拉丁人的
3,closeness,[kləʊsnəs],n.紧闭 狭窄
3,kiss,[kɪs],n.吻  风 浪等 拂vt.吻 轻拂vi.接吻
3,degree,[dɪ'ɡriː],n.度数 度 程度 [律] 罪行的 轻重 学位 地位 身份 [数]次数
3,arabian,[əˈreɪbiən],adj.阿拉伯的 阿拉伯人的
3,although,[ɔːl'ðəʊ], conj.虽然 尽管
3,normal,[nɔːməl],n.正规 常态 [数学]法线adj.正常的 正规的 标准的
3,definitely,[defənətli],adv.明确地 干脆地
3,importance,[ɪm'pɔːtəns],n.重要 性  重大 价值 傲慢
3,open,[əʊpən],n.公开 户外 空旷adj.开着的 敞开的  车等 无篷的 开阔的 营业着的 公开的 坦率的 未决定的vt.打开 公开 开放vi.展开 开始 展现
3,innovation,[ɪnəʊ'veɪʃən],n.改革 创新
3,establish,[ɪ'stæblɪʃ],vt.建立 设立 安置 使定居 使人民接受 确定v.建立
3,computational,[kɒmpjʊ'teɪʃənəl],adj.计算的
3,draw,[drɔː],v.拉 曳 牵 画 绘制 拖曳vt.汲取 领取 提取 引起 吸引vi.向...移动 挨近n.平局 和局 拖曳
3,innovative,[ɪnəvətɪv],adj.创新的 革新 主义 的
3,vary,[veəri],vt.改变 变更 使多样化vi.变化 不同 违反
3,plan,[plæn],n.计划 设计图 平面图vt.计划 设计
3,gold,[ɡəʊld],n.黄金 金币adj.金的 金制的
3,police,[pə'liːs],n.警察队 警察机关 公安部门vt.管辖 维持治安adj.警察的 有关警察的
3,record,[rɪ'kɔːd],n.履历 档案 诉状 最高纪录 报告 唱片vt.记录 标明 将...录音vi.录音 被录音adj.创纪录的
3,security,[sɪ'kjʊərəti],n.安全
3,update,[ʌp'deɪt],v.使现代化 修正 校正 更新n.现代化 更新
3,method,[meθəd],n.方法
3,detail,[diːteɪl],n.细节 详情vt.详述 细说
3,explanation,[eksplə'neɪʃən],n.解释 解说 说明 辩解 互相讲明
3,tour,[tʊə],n.旅行 游历 旅游v.旅行 游历 巡回 漫游
3,famous,[feɪməs],adj.著名的 出名的 <口>极好的 令人满意的
3,architect,[ɑːkɪtekt],n.建筑师
3,fashion,[fæʃən],n.样子 方式 流行 风尚 时样vt.形成 造 作 把...塑造成 使适应 使适合 改革 改变
3,dramatist,[dræmətɪst],n.剧作家
3,stratford,[ˈstrætfəd],n.斯特拉特福德 m. 
3,april,[eɪprəl],n.四月 略作Apr 
3,marry,[mæri],vt.娶 嫁 和...结婚
3,eight,[eɪt],adj.八的 num.八 八个 第八n.八字形
3,position,[pə'zɪʃən],n.位置 职位 立场 形势 阵地vt.安置 决定...的位置
3,dull,[dʌl],adj.感觉或理解迟钝的 无趣的 呆滞的 阴暗的vt.使迟钝 使阴暗 缓和vi.变迟钝 减少
3,anything,[eniθɪŋ], pron.任何事
3,literally,[lɪtərəli],adv.照字面意义 逐字地
3,ordinary,[ɔːdənəri],adj.平常的 普通的 平凡的n.[律] 推事 <英>[宗]罪犯的忏悔牧师
3,truly,[truːli],adv.真实地 不假
3,listener,[lɪsənə],n.收听者 听众
3,invite,[ɪn'vaɪt],vt.邀请 引起n.邀请
3,strategy,[strætədʒi],n.策略 军略
3,freely,[friːli],adv.自由地 直率地
3,begin,[bɪ'ɡɪn],v.开始 首先
3,accumulate,[ə'kjuːmjʊleɪt],v.积聚 堆积
3,wilding,[waɪldɪŋ],n.野生植物 野生的苹果树 野生苹果adj.野的 野生的
3,richard,[rɪtʃəd],n.理查德 男子名 
3,patient,[peɪʃənt],n.病人 患者adj.忍耐的 耐心的
3,promote,[prə'məʊt],vt.促进 发扬 提升 提拔 晋升为  n.升级 降级
3,beneficial,[benɪ'fɪʃəl],adj.有益的 受益的 [法律]有使用权的adj.有益的 得利的 [律]有使用权的
3,reich,[raɪk],n.<德>  德意志 帝国 德国
3,awareness,[əˈweənəs],n.知道 晓得
3,expectation,[ekspek'teɪʃən],n.期待 预料 指望 展望 [数]期望 值 
3,travel,[ˈtrævl],v.旅行 传播vi.行进 传播n.旅行
3,market,[mɑːkɪt],n.市场 销路 行情vt.在市场上交易 使上市vi.在市场上买卖
3,save,[seɪv],vt.解救 保存 保全 保留 节省 储蓄vi.挽救 节省 救球 prep.除...之外n.救球  v.[计]保存 更新
3,reliable,[rɪ'laɪəbəl],adj.可靠的 可信赖的
3,roast,[rəʊst],v.烤 烘 烘烤 暴露于某种热力下以得温暖
3,easily,[iːzɪli],adv.容易地 不费力地
3,machine,[mə'ʃiːn],n.机器 机械 机动车辆 机构 设计 机械般工作的人  政党的 领导集团 核心组织vt.机器制造 用车床加工
3,join,[dʒɔɪn],vi.参加 结合 加入vt.连接 结合 参加 加入n.连接 结合 接合点 [计] 用子目录名取代驱动器符
3,hair,[heə],n.头发 毛发 毛状物 绒毛 些微
3,reflect,[rɪ'flekt],v.反射 反映 表现 反省 细想
3,protect,[prə'tekt],vt.保护  n.保护 解除
3,global,[ˈɡləʊbl],adj.球形的 全球的 全世界的
3,complete,[kəm'pliːt],adj.全部的 完全的 完成的vt.完成 使完善
3,grader,[ɡreɪdə],n.分类机 分级机
3,next,[nekst],n.adj.下次的 其次的 与...连接 下一个adv.下一次 其次
3,demand,[dɪ'mɑːnd],n.要求 需求 量  需要v.要求 需要 要求知道 查询
3,total,[təʊtəl],n.总数 合计adj.总的 全部的 整个的v.合计 总数达 达到
3,principle,[prɪnsəpəl],n.法则 原则 原理
3,foster,[fɒstə],vt.养育 抚育 培养 鼓励 抱 希望  n.养育者 鼓励者
3,source,[sɔːs],n.来源 水源 消息来源 原始资料 发起者 源 源极
3,swell,[swel],v. 使 膨胀 增大
3,satisfaction,[sætɪs'fækʃən],n.满意 满足 令人满意的事物
3,user,[juːzə],n.使用者 使用物 [律]权利的实际享有
3,influential,[ɪnfluː'enʃəl],adj.有影响的 有势力的
3,suit,[suːt],v.合适 适合 相配 合式 适宜于n.一套衣服
3,scale,[skeɪl],n.刻度 衡量 比例 数值范围 比例尺 天平 等级vt.依比例决定 攀登 测量vi.剥落 生水垢 重 攀登 衡量
3,barely,[beəli],adv.仅仅 刚刚 几乎不能
3,chance,[tʃɑːns],n.机会 可能性 偶然性 运气v.碰巧 偶然发生 冒...的险adj.偶然的
3,power,[paʊə],n.能力 力量 动力 权力 [数]幂 [物]功率vt.使...有力量 供以动力 激励
3,near,[nɪr],adj.亲近的 亲密的 近  车 马等 左侧的 吝啬的adv. 时间 空间方面 近 不远 prep.在...近旁 近...v.接近 走近
3,ahead,[ə'hed],adj.adv.在前 向前 提前 在前面
3,weak,[wiːk],adj.不牢固的 弱的 虚弱的 软弱的 淡的 疲软的 无力的 不耐用的
3,mis,[ˌemaɪ'es], Management Information System 管理信息系统 Management Information System 管理情报系统
3,passionate,[pæʃənət],adj.充满热情的
3,recall,[riːkɔːl],vt.回忆 回想 记起 取消n.召回
3,signal,[sɪɡnəl],n.信号adj.信号的v.发信号 用信号通知
3,depth,[depθ],n.深 深度 深奥 深刻
3,remember,[rɪ'membə],vt.回忆起 铭记 纪念vi.记得
3,meal,[miːl],n.一餐 一顿饭 膳食  谷类的 粗粉vi.进餐
3,consume,[kən'sjuːm],vt.消耗 消费 消灭 大吃大喝 吸引vi.消灭 毁灭
3,energy,[enədʒi],n.精力 精神 活力 [物]能量
3,addiction,[ə'dɪkʃən],n.沉溺 上瘾
3,precise,[prɪ'saɪs],adj.精确的 准确的n.精确
3,balance,[bæləns],n.秤 天平 平衡 [商] 收支差额 结余 余额v.平衡 称 权衡 对比 结算n.资产平稳表
3,conclusion,[kən'kluːʒən],n.结束 缔结 结论
3,feed,[fiːd],n.饲养 饲料  动物或婴儿的 一餐vt.喂养 饲养 放牧 靠...为生vi.吃东西 流入
3,finger,[fɪŋɡə],n.手指 尤指大拇指以外的手指  指状物 指针 查找器 查找因特网用户的程序 v.用手指拨弄 伸出
3,consumer,[kənˈsjuːmə],n.消费者
3,gig,[ɡɪɡ],n.旋转物v.乘轻便双轮马车
2,dog,[dɒɡ],n.狗 犬 类似犬的动物 卑鄙的人 小人 坏蛋vt.跟踪 尾随
2,cargo,[kɑːɡəʊ],n.船货  车、船、飞机等运输的 货物
2,flight,[flaɪt],n.飞行 逃走 飞跃 飞机的航程 班机 追逐 楼梯的一段 射程vi.成群飞行 迁徙vt.射击 飞禽  使惊飞
2,hire,[haɪə],n.租金 工钱 租用 雇用vt.雇请 出租vi.受雇
2,jet,[dʒet],n.喷射 黑玉v.喷射adj.黑玉色的 墨黑的 喷气机
2,monitor,[ˈmɒnitə],n.班长 监听器 监视器 监控器vt.监控v.监控
2,wed,[wed],v.娶 嫁 结婚n. 星期三 =Wednesday 
2,picture,[pɪktʃə],n.画 图画 照片 像 美景 描述 相似物 化身vt.画 描绘
2,silver,[sɪlvə],n.银 银子vt.镀银
2,thousand,[θaʊzənd], num.一千 一千个n.[pl.] 许多 无数
2,return,[rɪ'tɜːn],n.回来 返回 来回票 利润 回答adj.返回的 回程的 报答的 反向的 重现的vi.回返 归还vt.归还 回报 报告 获得 回答 返回
2,right,[raɪt],n.正义 公正 正确 权利 右边 右派adj.正当的 正确的 对的 合适的 恰当的 健康的 健全的 正面的adv.正当地 正确地 一直地 直接地 完全地 彻底地 在右边
2,sharply,[ʃɑːpli],adv.锐利地 急剧地
2,meat,[miːt],n. 食用 肉 肉类
2,australia,[ɒ'streɪlɪə],n.澳洲 澳大利亚
2,canada,[kænədə],n.加拿大
2,friendly,[frendli],adj.友好的 友谊的
2,sport,[spɔːt],n.运动 [pl.] 运动会
2,goose,[ɡuːs],n.鹅 雌鹅 鹅肉  裁缝用的有长曲柄的 熨斗vt.突然加大油门 嘘骂
2,repaint,[riː'peɪnt],v.重漆 重画v.重新绘制
2,calculate,[kælkjʊleɪt],v.计算 考虑 计划 打算v.<美>以为 认为
2,trouble,[trʌbəl],n.烦恼 麻烦 动乱 纠纷 疾病 故障 问题vt. 使 烦恼 麻烦 打扰 麻烦自己 费神 费心
2,cultivate,[kʌltɪveɪt],vt.培养 耕作
2,secondary,[sekəndəri],adj.次要的 二级的 中级的 第二的
2,achievement,[ə'tʃiːvmənt],n.成就 功绩
2,promptly,[ˈprɒmptli],adv.敏捷地 迅速地
2,finish,[fɪnɪʃ],n.完成 结束 磨光 末道漆 完美vt.完成 结束 用完 毁掉 使完美vi.结束 终结 停止 终止
2,tire,[taɪə],n.<口>疲劳 劳累 轮胎 头饰vt.使疲倦 使厌烦 梳理vi.疲劳 厌倦
2,tackle,[tækəl],n.工具 复滑车 滑车 用具 装备 扭倒vt.固定 应付 难事等  处理 解决 抓住vi.捉住 扭住 扭倒
2,standard,[stændəd],n.旗 军旗 标准 规格 本位adj.标准的 权威 第一流的
2,pound,[paʊnd],n.磅 英镑 重击 鱼塘 兽栏 拘留所vt.强烈打击 捣烂 监禁 关入栏vi.连续重击 连续敲打 苦干
2,enough,[ɪ'nʌf],adj.足够的 充足的 只够做...的n.充足 足够 很多adv.足够地 充分地int.够了!
2,facility,[fə'sɪləti],n.容易 简易 灵巧 熟练 便利 敏捷 设备 工具
2,campaign,[kæm'peɪn],n.[军]战役  政治或商业性 活动 竞选运动vi.参加活动 从事活动 作战
2,intelligent,[ɪn'telɪdʒənt],adj.聪明的 伶俐的 有才智的 [计]智能的
2,style,[staɪl],n.风格 时尚 文体 风度 类型 字体vt.称呼 设计 使合潮流 使铁笔作装饰画
2,lie,[laɪ],vi.躺 平放 展现 展开 位于v.说谎 躺n.谎话 谎言
2,emphasis,[emfəsɪs],n.强调 重点
2,percentage,[pə'sentɪdʒ],n.百分数 百分率 百分比
2,passion,[pæʃən],n.激情 热情 耶稣的受难和死亡
2,foundation,[faʊn'deɪʃən],n.基础 根本 建立 创立 地基 基金 基金会
2,deeply,[diːpli],adv.深深地
2,ab,[æb], [军] Airborne 空运  历法 阿布月 即犹太教历5月 
2,accurately,[ækjərətlɪ],adv.正确地 精确地
2,deficiency,[dɪ'fɪʃənsi],n.缺乏 不足
2,deny,[dɪ'naɪ],v.否认 拒绝
2,honest,[ˈɒnist],adj.诚实的 正直的
2,advantage,[əd'vɑːntɪdʒ],n.优势 有利条件 利益
2,perfect,[pɜːfɪkt],n.完成式adj.完美的 全然的 理想的 正确的 熟练的 精通的完成式的vt.使完美 修改 使熟练
2,improvement,[ɪm'pruːvmənt],n.改进 进步
2,spouse,[spaʊs],n.配偶 指夫或妻 
2,acknowledge,[ək'nɒlɪdʒ],vt.承认 答谢 报偿
2,possess,[pə'zes],vt.占有 拥有 持有 摆布 支配
2,presence,[prezəns],n.出席 到场 存在
2,puzzle,[pʌzəl],n.难题 谜v. 使 迷惑  使 为难 迷惑不解
2,status,[steɪtəs],n.身份 地位 情形 状况
2,thoroughly,[θʌrəli],adv.十分地 彻底地
2,highly,[haɪli],adv.高地 非常
2,developer,[dɪ'veləpə],n.开发者
2,strike,[straɪk],n.罢工 打击 殴打vt.打 撞击 冲击 罢工 打动 划燃 到达 侵袭vi.打 打击 罢工 抓 敲 搏动 打动 穿透
2,wake,[weɪk],vt.叫醒 激发vi.醒来 醒着 警觉 振奋n.醒 守夜 尾迹  人 车等经过的 痕迹 守丧
2,mother,[mʌðə],n.母亲 妈妈
2,quickly,[kwɪkli],adv.很快地
2,busy,[bɪzi],adj.忙碌的 热闹的 临时占用的
2,frequently,[ˈfriːkwəntli],adv.常常 频繁地n.经常地
2,dismiss,[dɪs'mɪs],vt.解散 下课 开除 解职 使 或让 离开vi.解散
2,clearly,[ˈklɪəli],adv.明朗地 明显地 无疑地
2,couple,[kʌpəl],n. 一 对  一 双 夫妇vt.连合 连接 结合vi.结合 结婚
2,merely,[mɪəli],adv.仅仅 只 不过
2,fulfill,[fʊl'fɪl],vt.履行 实现 完成 计划等 
2,overlook,[əʊvə'lʊk],vt.俯瞰 耸出 远眺 没注意到n.眺望 俯瞰中的景色
2,reinforce,[riːɪn'fɔːs],vt.加强 增援 补充 增加...的数量 修补 加固vi.求援 得到增援n.加固物
2,prevent,[prɪ'vent],v.防止 预防
2,female,[fiːmeɪl],n.女性 女人 雌兽adj.女性的 女子的 妇女的 雌的 柔弱的  声 色 柔和的
2,surface,[sɜːfɪs],n.表面 外表 水面adj.表面的 肤浅的
2,act,[eɪsiː'tiː],n.幕 法案 法令 动作 举动 节目  戏剧的 幕vi.行动 产生...的效果 担当 表演 假装 表现 见效vt.扮演 装作
2,optimism,[ɒptɪmɪzəm],n.乐观 乐观主义
2,writer,[raɪtə],n.作者 作家 复写器
2,massive,[mæsɪv],adj.厚重的 大块的 魁伟的 结实的
2,duty,[djuːti],n.义务 责任 职责 职务 税
2,exhaust,[ɪɡ'zɔːst],vt.用尽 耗尽 抽完 使精疲力尽vi.排气n.排气 排气装置adj.用不完的 不会枯竭的
2,circumstantial,[sɜːkəm'stænʃəl],  n.旁謎ty `s\:kEm9stAnl adj.依照情况的   间接证据
2,socialize,[səʊʃəlaɪz],v.使社会化 使社会主义化
2,ladder,[lædə],n.梯子 阶梯vi.袜子抽丝 装设梯子
2,guilty,[ɡɪlti],adj.犯罪的 有罪的 心虚的
2,realization,[rɪəlaɪ'zeɪʃən],n.实现
2,ultimately,[ʌltɪmətli],adv.最后 终于 根本 基本上
2,integrate,[ɪntɪɡreɪt],vt.使成整体 使一体化 求...的积分v.结合
2,unusual,[ʌn'juːʒʊəl],adj.不平常的 与众不同的 不寻常的
2,within,[wɪˈðɪn],n.内部 里头adv.在内部 在内心里 prep.在...之内 不越出adj.里面的 内部的
2,physician,[fɪ'zɪʃən],n.医师 内科医师
2,charge,[tʃɑːdʒ],n.负荷 电荷 费用 主管 掌管 充电 充气 装料v.装满 控诉 责令 告诫 指示 加罪于 冲锋 收费
2,core,[kɔː],n.果核 中心 核心
2,disconnect,[dɪskə'nekt],v.拆开 分离 断开
2,outside,[aʊt'saɪd],n.外面 外表 外界adj.外面的 外表的 外界的adv.在外面 外表 出界 prep.在...外
2,triple,[trɪpəl],n.三倍数 三个一组adj.三倍的vt.三倍与vi.增至三倍
2,positive,[pɒzətɪv],adj.肯定的 实际的 积极的 绝对的 确实的adj.[数]正的adj.[电]阳的adj.[语法] 原级的
2,attend,[ə'tend],vt.出席 参加 照顾 护理 注意vi.专心 留意
2,notice,[nəʊtɪs],n.通知 布告 注意v.注意到
2,undergo,[ʌndə'ɡəʊ],vt.经历 遭受 忍受
2,fundamental,[fʌndə'mentəl],adj.基础的 基本的n.[pl.] 基本原则 基本原理
2,utilize,[juːtɪlaɪz],vt.利用
2,unless,[ən'les], conj.如果不 除非
2,compensate,[kɒmpənseɪt],v.偿还 补偿 付报酬
2,dedicate,[dedɪkeɪt],vt.献 身  致力 题献 一部著作给某人 
2,private,[praɪvət],adj.私人的 私有的 私营的 秘密的n.士兵
2,equipment,[ɪ'kwɪpmənt],n.装备 设备 器材 装置 铁道车辆  一企业除房地产以外的 固定资产 才能
2,clean,[kliːn],adj.清洁的 干净的 清白的v.打扫 使干净 清扫
2,maintain,[meɪn'teɪn],vt.维持 维修 继续 供养 主张
2,depend,[dɪ'pend],vi.依靠 依赖
2,calculation,[kælkjʊ'leɪʃən],n.计算 考虑
2,staff,[stɑːf],n.棒 杖 杆 支柱 全体职员 [军]参谋机构 [音]五线谱vt.供给人员 充当职员
2,compensation,[ˌkɒmpenˈseɪʃn],n.补偿 赔偿
2,properly,[prɒpəli],adv.适当地 完全地
2,modest,[mɒdɪst],adj.谦虚的 谦让的 适度的
2,infrastructure,[ɪnfrəstrʌktʃə],n.下部构造 基础下部组织
2,oppose,[ə'pəʊz],vt.反对 使对立 使对抗 抗争vi.反对
2,behind,[bɪ'haɪnd],adv.在后地 prep.在...之后
2,general,[dʒenərəl],n.普通 将军 概要adj.一般的 普通的 综合的 概括的 全面的 大体的 n.常规
2,shape,[ʃeɪp],n.外形 形状 形态  尤指女子的 体形 身段 形式vt.制作 定形 使成形 塑造 使符合vi.成形 形成 成长
2,guide,[ɡaɪd],n.领路人 导游者 向导 引导者 指南vt.指导 支配 管理 带领 操纵vi.任向导
2,incredible,[ɪn'kredəbəl],adj.<口>难以置信的
2,situation,[sɪtʃuː'eɪʃən],n.情形 境遇  建筑物等的 位置
2,crawler,[krɔːlə],n.爬行者 爬行动物
2,stand,[stænd],n.停止 抵抗的状态 立场 立足点 看台 架子 台v.站 立 站起  使 竖立  使 位于 维持不变 持久 经受
2,upright,[ʌpraɪt],adj.垂直的 竖式的 正直的 诚实的 合乎正道的adv.笔直 竖立着n.垂直 竖立
2,fast,[fɑːst],adj.紧的 牢的 忠实的 快速的 耐久的 紧的adv.牢固地 很快地 紧紧地 彻底地n.禁食 绝食 斋戒vi.绝食 斋戒
2,crawl,[krɔːl],vi.爬行 蠕动 徐徐行进n.爬行 蠕动 缓慢的行进
2,test,[test],n.测试 试验 检验v.测试 试验 检验
2,disaster,[dɪ'zɑːstə],n.灾难 天灾 灾祸
2,forget,[fə'ɡet],vt.忘记 忽略vi.忘记 忘形 忘乎所以
2,push,[pʊʃ],n.推 推动 奋发 干劲 进取心 攻击vt.推 推动 推行 逼迫 增加vi.推 推进 增加 努力争取
2,collect,[kə'lekt],v.收集 聚集 集中 搜集adj.由收件人付款的adv.由收件人付款地
2,cold,[kəʊld],n.寒冷 [物]零下温度 伤风 感冒adj.寒冷的 使人战栗的 冷淡的 不热情的 失去知觉的
2,street,[striːt],n.街 街道
2,nothing,[nʌθɪŋ],n.无 不关紧要之事 [数]零adv.毫不 决不int.什么也没有 无
2,afraid,[ə'freɪd],adj.害怕 担心
2,occasional,[ə'keɪʒənəl],adj.偶然的 非经常的 特殊场合的 临时的
2,drug,[drʌɡ],n.药 麻药 麻醉药 滞销货vi.<俗> 吸毒vt.使服毒品 毒化
2,academy,[ə'kædəmi],n. 高等 专科院校 研究院 学会 学术团体 学院
2,associate,[ə'səʊsiət],vt.使发生联系 使联合vi.交往 结交n.合作人 同事adj.副的
2,during,[djʊərɪŋ], prep.在...的期间 在...的时候
2,aware,[ə'weə],adj.知道的 明白的 意识到的
2,fear,[fɪə],n.恐怖 害怕 担心 敬畏v.害怕 畏惧 为...担心 敬畏 神等 
2,typically,[tɪpɪkli],adv.代表性地 作为特色地
2,leisure,[leʒə],n.空闲 闲暇 悠闲 安逸
2,favor,[feɪvə],n.好感 宠爱 关切 欢心 好意 喜爱vt.支持 赞成 照顾 促成 象 喜欢 证实 赐予
2,period,[ˈpɪəriəd],n.时期 学时 节 句点 周期  妇女的 经期adj.过去某段时期的int.没有了
2,visit,[vɪzɪt],n.拜访 访问 游览 参观  作客 逗留 视察 调查vt.拜访 访问 参观 视察 降临vi.访问 参观 闲谈
2,video,[vɪdiəʊ],n.电视 录象 视频
2,let,[let],vt.假设 出租 允许 排放 让...进入 或通过  妨碍vi.出租  工程等 被承包n.出租屋 障碍
2,entertainment,[entə'teɪnmənt],n.款待 娱乐 娱乐表演
2,true,[],adj.真实的 真正的 忠实的 忠诚的 正确的
2,whole,[həʊl],n.全部 全体 整体 完全之体系adj.所有的 完整的 完全的 纯粹的 未损伤的 未打破的adv.完全 整个
2,pleasure,[pleʒə],n.愉快 快乐 乐事 乐趣 意志 愿望
2,deep,[diːp],adj.深的 纵深的 远离中心的 深奥的 难懂的  指人 诡计多端的 低沉的 声音 adv.深入地 迟n.深渊 深处
2,reflection,[rɪ'flekʃən],n.反射 映象 倒影 反省 沉思 反映
2,peer,[pɪə],n.同等的人 贵族vi.凝视 窥视vt.与...同等 封为贵族
2,separate,[sepəreɪt],adj.分开的 分离的 个别的 单独的v.分开 隔离 分散 分别
2,crucial,[kruːʃəl],adj.至关紧要的
2,acceptable,[ək'septəbəl],adj.可接受的 合意的
2,sound,[saʊnd],n.声音 语音 噪音 吵闹 海峡 听力范围 探条adj.健全的 可靠的 合理的 有效彻底的 健康的adv.彻底地 充分地vi.发出声音 回响 测深 听起来vt.使发声 宣告 听诊 测...深 试探
2,anyone,[eniwʌn], pron.任何一个
2,nonverbal,[nɒn'vɜːbəl],adj.不用动词的 不用语言的
2,haptic,[hæptɪk],adj.触觉的
2,intimacy,[ɪntɪməsi],n.亲密 隐私 亲昵行为 尤指不正当的性关系 
2,comfortable,[kʌmftəbəl],adj.舒适的
2,relational,[rɪ'leɪʃənəl],adj.亲属的 相关的 有关的
2,custom,[kʌstəm],n.习惯 风俗 <动词单用>海关  封建制度下 定期服劳役 缴纳租税 自定义 <偶用作>关税v.定制 承接定做活的
2,cheek,[tʃiːk],n.颊 厚颜 类似颊的事物 <俚>臀部
2,contrast,[kɒntrɑːst],vt.使与...对比 使与...对照vi.和...形成对照n.对比 对照  对照中的 差异
2,asian,[eɪʃən],adj.亚洲的 亚洲人的n.亚洲人
2,tactile,[tæktaɪl],adj.触觉的 有触觉的 能触知的n.[心]触觉型
2,therefore,[ˈðeəfɔː],adv.因此 所以
2,absence,[æbsəns],n.不在 缺席 缺乏 没有
2,prompt,[prɒmpt],n.提示 付款期限vt.提示 鼓动 促使  给演员 提白adj.敏捷的 迅速的 即时的adv.准时地
2,communicator,[kə'mjuːnɪkeɪtə],n.交流者 发报机 列车内通报器
2,tie,[taɪ],n.带子 线 鞋带 不分胜负 关系 领带 领结 平局vt.系 打结 扎 约束 与...成平局vi.被用带 或绳子等 系住 结合 打结 不分胜负
2,appropriate,[əˈprəʊpriət],adj.适当的
2,consideration,[kənsɪdə'reɪʃən],n.体谅 考虑 需要考虑的事项 报酬
2,pandemic,[pæn'demɪk],adj.全国流行的
2,psychology,[saɪˈkɒlədʒɪ],n.心理学 心理状态
2,paul,[pɔːl],n.保罗
2,disciplinary,[dɪsəplɪnəri],adj.训练的 训诫的 规律的
2,boundary,[baʊndəri],n.边界 分界线
2,combine,[kəm'baɪn],v. 使 联合  使 结合n.联合企业 联合收割机n.联合收割机
2,economics,[ekə'nɒmɪks],n.经济学
2,solution,[sə'luːʃən],n.解答 解决办法 溶解 溶液 解决方案
2,engineer,[endʒɪ'nɪə],n.工程师 技师 火车司机 轮机员 工兵
2,due,[djuː],n.应得物、权力 [复]应付款adj.应得的 应付的 正当的 预期的  车、船预定 应到的
2,radical,[rædɪkəl],adj.根本的 基本的 激进的n.激进分子
2,divide,[dɪ'vaɪd],v.分 划分 分开 隔开 
2,discipline,[dɪsəplɪn],n.纪律 学科v.训练
2,cross,[krɒs],n.十字 交叉 十字架 十字形物adj.交叉的 相反的 乖戾的v.使交叉 横过 勾划 错过 反对 杂交
2,tech,[tek],n. 工学院 技术学院  =Tec
2,birth,[bɜːθ],n.出生 产生 出身
2,contest,[kən'test],n.论争 竞赛v. 争论 争辩 竞赛 争夺
2,selection,[sɪ'lekʃən],n.选择 挑选 选集 精选品
2,contestant,[kən'testənt],n.竞争者 争论者
2,chicken,[ˈtʃɪkɪn],n.小鸡 小鸟 鸡肉
2,operation,[ɒpə'reɪʃən],n.运转 操作 实施 作用 业务 工作 手术 军事行动
2,regular,[reɡjʊlə],adj.规则的 有秩序的 经常的  花 整齐的 常备军的 等边的 合格的 定期的n.正规军 正式队员adv.经常地n.正常体
2,nearby,[nɪə'baɪ],adj.附近的 邻近的adv.在附近
2,seven,[sevən], num.七 七个
2,diamond,[daɪəmənd],n.钻石 菱形
2,crash,[kræʃ],n.碰撞 坠落 坠毁 撞击声 爆裂声v.碰撞 坠落 坠毁  指商业公司 政府等 破产 垮台
2,russian,[rʌʃən],n.俄国人 俄语adj.俄国的 俄国人的 俄语的
2,airplane,[ˈerˌpleɪn],n.飞机
2,bar,[bɑː],n.条 棒 常用作栅栏 扣栓物  横木 酒吧间 栅 障碍物vt.禁止 阻挡 妨碍 把门关住 除...之外  Bar 律师业  n.条形 柱形图
2,rule,[ruːl],n.规则 惯例 统治 章程 破折号 准则 标准 控制vt.规定 统治 支配 裁决vi.统治 管辖 裁定n.规则 水线
2,reference,[refərəns],n.提及 涉及 参考 参考书目 证明书 人  介绍信 人 
2,inquire,[ɪn'kwaɪə],v.询问 问明 查究
2,price,[praɪs],n.价格 价钱 代价vt.给...定价 问...的价格 标明价格
2,card,[kɑːd],n.纸牌 卡片
2,website,[websaɪt],WWW 环球网 的站点
2,cook,[kʊk],n.厨师v.烹调 煮 伪造
2,table,[teɪbəl],n.桌子 餐桌 工作台 平地层 石板 表格adj.桌子的 台子的vt.搁置 嵌合 制表
2,order,[ɔːdə],n.次序 顺序 正常 工作 状态 秩序 会议规则 命令 定购 定单vt.命令 定购 定制
2,delivery,[dɪ'lɪvəri],n.递送 交付 分娩 交货 引渡n.[律] 财产等的正式移交 发送 传输
2,tasty,[teɪsti],adj.好吃的 可口的n.好吃的东西 吸引人的东西
2,eager,[iːɡə],adj.热心于 渴望着
2,feeling,[ˈfiːlɪŋ],n.触觉 知觉 感觉 情绪 同情adj.富于感情的 富于同情心的 衷心的 有同情心的 有感觉的 仁慈的
2,accelerate,[ək'seləreɪt],v.加速 促进
2,handle,[hændəl],n.柄 把手 把柄 口实 手感vt.触摸 运用 买卖 处理 操作vi.搬运 易于操纵n.[计]句柄
2,pretty,[prɪtɪ],adj.漂亮的 可爱的 优美的 机灵的 恰当的
2,poet,[pəʊɪt],n.诗人
2,impossible,[ɪm'pɒsəbəl],adj.不可能的 不会发生的 难以忍受的
2,baptize,[bæp'taɪz],vt.给人施洗礼 作为入基督教的标志  洗炼 命名 作为洗礼仪式的一部分 
2,retire,[rɪ'taɪə],vi.退休 引退 退却 撤退 就寝
2,twin,[twɪn],n.双胞胎中一人 孪生子adj.双胞胎的 一对的 相似的vi.生双胞胎 成对vt.孪生 使成对
2,sharp,[ʃɑːp],n.高调 内行 利刃 骗子adj.锐利的 锋利的 明显的 强烈的 刺耳的 急剧的 精明的 敏捷的adv.整 锐利地 急速地 日本夏普公司
2,ourselves,[aʊə'selvz], pron.我们自己
2,incredibly,[ɪn'kredəbli],adv.不能相信地
2,truth,[truːθ],n.事实 确实 真理 原理
2,authentic,[ɔː'θentɪk],adj.可信的
2,observation,[ɒbzə'veɪʃən],n.观察 观测 [pl.] 观察资料 或报告 
2,manual,[mænjʊəl],n.手册 指南adj.手的 手动的 手工的 体力的 手册 性质 的 [律]实际占有的
2,attraction,[ə'trækʃən],n.吸引 吸引力 吸引人的事物
2,producer,[prə'djuːsə],n.生产者 制作者 演出人  电影 制片人
2,viewer,[vjuːə],n.电视观众 阅读器
2,carry,[kæri],n.进位 射程 运载vt.携带 运送 支持 支撑 传送 意味vi.被携带 能达到
2,consultant,[kən'sʌltənt],n.顾问 商议者 咨询者
2,opportunity,[ɒpə'tjuːnəti],n.机会 时机
2,request,[rɪ'kwest],vt.请求 要求n.请求 要求 邀请
2,thought,[θɔːt],n.思考 想法 思想 思潮 关心 关怀 挂念 vbl.think的过去式和过去分词
2,powerful,[paʊəfəl],adj.强大的 有力的
2,disclose,[dɪs'kləʊz],vt.揭露 透露
2,roughly,[rʌfli],adv.概略地 粗糙地
2,subjective,[səb'dʒektɪv],adj.主观的 个人的
2,unable,[ʌn'eɪbəl],adj.不能的 不会的
2,population,[pɒpjʊ'leɪʃən],n.人口
2,recognise,[rekəɡnaɪz],v.承认 识别 认可
2,extent,[ɪk'stent],n.广度 宽度 长度 范围 程度 区域 [律]<英>扣押 <美>临时所有权令
2,fault,[fɔːlt],n.过错 缺点 故障 毛病vt.挑剔vi.弄错
2,discrimination,[dɪskrɪmɪ'neɪʃən],n.辨别 区别 识别力 辨别力 歧视
2,proportion,[prə'pɔːʃən],n.比例 均衡 面积 部分vt.使成比例 使均衡 分摊
2,diabetes,[daɪə'biːtiːz],n.[医] 糖尿病 多尿症
2,action,[ækʃən],n.动作 作用 战斗 行动 举动 行为  戏剧或书中 的情节  某一地区、领域或团体中 最能产生效果、最有趣、最有刺激性的活动vt.对...起诉
2,condition,[kən'dɪʃən],n.条件 情形 环境 社会地位vt.以...为条件 使达到要求的情况
2,eventually,[ɪ'ventʃuːəli],adv.最后 终于
2,vague,[veɪɡ],adj.含糊的 不清楚的 茫然的 暧昧的
2,guideline,[ˈɡaɪdˈlaɪn],n.方针
2,modem,[məʊdem],n.调制解调器
2,debate,[dɪ'beɪt],v.争论 辩论n.争论 辩论
2,identity,[aɪ'dentɪti],n.同一性 身份 一致 特性 恒等式
2,diverse,[daɪ'vɜːs],adj.不同的 变化多的
2,expose,[ɪk'spəʊz],vt.使暴露 受到 使曝光v.揭露
2,fellow,[feləʊ],n.人 家伙 伙伴 学会特别会员 朋友 同事adj.同伴的 同事的 同道的
2,recommendation,[rekəmen'deɪʃən],n.推荐 介绍 信  劝告 建议
2,commit,[kə'mɪt],vt.犯 错误  干 坏事  把...交托给 提交 答应负责
2,address,[ə'dres],n.地址 致辞 演讲 说话的技巧vt.向...致辞 演说 写姓名地址 从事 忙于
2,recommend,[rekə'mend],vt.推荐 介绍 劝告 使受欢迎 托付 使...受欢迎 使...可取
2,volunteer,[vɒlən'tɪə],n.志愿者 志愿兵adj.志愿的 义务的 无偿的v.自愿
2,target,[tɑːɡɪt],n.目标 对象 靶子
2,recognition,[rekəɡ'nɪʃən],n.赞誉 承认 重视 公认 赏识 识别
2,prospective,[prə'spektɪv],adj.预期的
2,cafe,[kæfeɪ],n.咖啡馆 小餐馆
2,birthday,[bɜːθdeɪ],n.生日
2,preparation,[prepə'reɪʃən],n.准备 预备
2,weekend,[wiːk'end],n.周末 周末休假adj.周末的vi.度周末的
2,enable,[ɪn'eɪbəl],vt.使能够 授予权利或方法
2,chat,[tʃæt],v.聊天n.聊天
2,spacious,[speɪʃəs],adj.广大的 大规模的
2,crowd,[kraʊd],n.人群 群众 一堆 东西  一伙v.群集 拥挤 挤满
2,speaker,[spiːkə],n.说话者 演讲人 演说者 扬声器 喇叭
2,distance,[dɪstəns],n.距离 远离 一长段时间 远方 远景 遥远  时间的 间隔  时日的 经过
2,break,[breɪk],n.休息 暂停 破裂 突变v.打破 违犯 折断 削弱 超过 突变
2,outer,[aʊtə],adj.外部的 外面的 远离中心的n. 射击 环外命中
2,strain,[streɪn],n.过度的疲劳 紧张 张力 应变vt.扭伤 损伤v.拉紧 扯紧  使 紧张 尽力
2,branch,[brɑːntʃ],n.枝 分枝 分部 分店  学科 分科 部门 支流 支脉v.出现分歧
2,village,[vɪlɪdʒ],n.乡村 村庄adj.村庄的
2,idaho,[ˈaɪdəhəʊ],n.爱达荷州 美国州名 
2,shade,[ʃeɪd],n.荫 阴暗 荫凉处 图案阴影 黑暗 颜色深浅 遮光物 帘vi.渐变vt.遮蔽 使阴暗 使渐变 微减
2,temperature,[temprɪtʃə],n.温度
2,desert,[ˈdezət],n.沙漠 应得的赏罚 功过adj.沙漠的 不毛的 荒凉的vt.放弃 遗弃 逃跑vi.逃掉 逃亡 开小差
2,nest,[nest],n.巢 窝 休息所 隐匿处 舒适的地方  可以一个套一个的 一套器具vi.筑巢 找鸟巢vt.造巢 使套入
2,sun,[sʌn],n.太阳 阳光 恒星vt.晒n. Sun  星期天 =Sunday  美国Sun公司 主要生产SUN系列工作站和网络产品 是JAVA语言的创始者
2,light,[laɪt],n.光 日光 发光体 灯adj.轻的 发光的 明亮的 浅的vt.点燃 照亮adv.轻地vi.点着 变亮
2,cool,[kuːl],n.凉爽 凉爽的空气adj.凉爽 冷静的 无所顾虑的 淡漠的v.使冷 使镇定
2,reflective,[rɪ'flektɪv],adj.沉思的
2,protection,[prə'tekʃən],n.保护
2,third,[θɜːd], num.第三 三分之一
2,policymaker,[pɒləsɪmeɪkə],n.政策制定者 决策人
2,graduate,[ɡrædʒuːeɪt],n. 大学 毕业生 研究生v. 使  大学 毕业
2,additional,[ə'dɪʃənəl],adj.另外的 附加的 额外的
2,poorly,[pʊəli],adv.贫穷地 贫乏地adj.身体不舒服的 心情恶劣的
2,lifespan,[laɪfspæn],n. 动植物的 寿命 预期生命期限  物的  预期使用期限
2,emerge,[ɪ'mɜːdʒ],vi.显现 浮现 暴露 形成  由某种状态 脱出  事实 显现出来
2,worldwide,[ˌwɜːldˈwaɪd],adj.全世界的
2,yield,[jiːld],v.出产 生长 生产vi. ～ to 屈服 屈从n.产量 收益
2,cannot,[kænɒt], conj.不能
2,smartness,[smɑːtnəs],n.现代风格 机灵 敏捷
2,investigate,[ɪn'vestɪɡeɪt],v.调查 研究
2,laboratory,[lə'bɒrətəri],n.实验室
2,front,[frʌnt],n.前面 开头 前线  政治上的 阵线 态度 外表vt.面对 朝向 对付vi.朝向
2,upper,[ʌpə],adj.上面的 上部的
2,poor,[pʊə],adj.贫穷的 可怜的 乏味的 卑鄙的
2,vessel,[vesəl],n.船 容器 器皿 脉管 导管
2,contract,[kɒntrækt],n.合同 契约 婚约v.使缩短 感染 订约
2,pump,[pʌmp],n.泵 抽水机vt. 用泵 抽 水  抽吸
2,threat,[θret],n.恐吓 凶兆 威胁
2,resource,[rɪ'zɔːs],n.[pl.] 资源 财力 办法 智谋
2,feature,[fiːtʃə],n.面貌的一部分 眼 口 鼻等 特征 容貌 特色 特写vt.是...的特色 特写 放映vi.起重要作用
2,enter,[entə],vt.进入 加入 参加 登录 开始vi.进去 [戏]登场 参加n.输入 [计]回车
2,stem,[stem],n.茎 干 词干 茎干v.滋生 阻止
2,advance,[əd'vɑːns],n.前进 提升 预付款v.前进 提前 预付adj.前面的 预先的 预付 款项 
2,reality,[ri'æləti],n.真实 事实 本体 逼真
2,builder,[bɪldə],n.建筑者 施工人员 营造商 增洁剂
2,teamwork,[tiːmwɜːk],n.联合作业 协力
2,tear,[teə],n.破处 破缝 泪滴 眼泪 扯 飞奔 激怒vi.流泪 撕破 猛冲 飞奔 被撕破vt.扯 撕 撕破 戳破 拉掉 折磨 使分裂 撕掉
2,again,[ə'ɡen],adv.又 再次 此外 再一次
2,geometry,[dʒiː'ɒmətri],n.几何学
2,whatever,[wɒt'evə], pron.凡是... 无论什么adj.无论怎样的 无论哪一种的 什么也
2,envy,[envi],n.vt.羡慕 嫉妒
2,frustrate,[frʌ'streɪt],v.挫败 阻挠 使感到灰心 阻止
2,reliant,[rɪ'laɪənt],adj.信赖的 依靠的 信赖自己的
2,relieve,[rɪ'liːv],vt.减轻 解除 援救 救济 换班
2,repetitive,[rɪ'petətɪv],adj.重复的 反复性的
2,transformation,[trænsfə'meɪʃən], 9trAnsfE`meIFalism 9trAnsfE`malist 9trAnsfE`mally 9trAnsfE`meist 9trAnsfE` men n.变化 转化 改EnEl adj.[语]转籩IFEnElIzEm n.[觘IFEnElIst n.[语IFEnElI adv.[语]IFEnIst n.=trans适 改革 转换
2,pop,[pɒp],n.取出 砰然声 枪击 流行乐曲 adj.流行的 热门的 通俗的 vt.开枪打 抛出 取出 突然伸出 突然行动 adv.突然 砰地 vi.发出爆裂声 爆开 射击 突然出现 瞪大 n.<口>汽水 Post Office Protocol 电子邮件协议
2,promise,[prɒmɪs],vt.允诺 答应n.允诺 答应 许诺
2,reverse,[rɪ'vɜːs],n.相反 背面 反面 倒退adj.相反的 倒转的 颠倒的vt.颠倒 倒转
2,occur,[ə'kɜː],vi.发生 出现
2,implement,[ɪmplɪment],n.[常pl.] 工具 器具vt.贯彻 实现v.执行
2,timely,[taɪmli],adj.及时的 适时的
2,technological,[teknə'lɒdʒɪkəl],adj.科技的
2,adjust,[ə'dʒʌst],vt.调整 调节 校准 使适合
2,reward,[rɪ'wɔːd],n.报酬 奖金vt.酬劳 奖赏
2,hit,[hɪt],n.打击 打 碰撞 讽刺  演出等 成功vt.打 打击 碰撞 击中 袭击 偶然发现 伤...的感情 找到vi.打 打中 打击 碰撞 偶然碰上
2,prospect,[prɒspekt],n.景色 前景 前途 期望vi.寻找 勘探
2,genuine,[dʒenjuːɪn],adj.真实的 真正的 诚恳的
2,launch,[lɔːntʃ],n.下水 汽艇 发射 发行 投放市场vt.使 船 下水 掷 标枪等  发射 导弹、火箭等  开办 发动 发起vi.起飞 下水 投入 开始
2,phenomenon,[fə'nɒmɪnən],n.现象
2,red,[red],n.红色 红衣服 红颜料 赤字 亏空adj.红 色 的 革命的
2,already,[ɔːl'redi],adv.已经
2,sociologist,[ˌsəʊsi'ɒlədʒɪst],n.社会学家 社会学者
2,border,[bɔːdə],n.边界 国界 边 边沿 边境vt.与...接壤 接近v.接壤
2,straightforward,[streɪt'fɔːwəd], dly  adv.正直地
2,cull,[kʌl],v.精选
2,de,[], [域] Germany  德国  Direct Etching 表面刻蚀
2,worth,[wɜːθ], prep.相当...价值n.价值 财产adj.值钱的 值的看中的
2,actual,[æktʃuːəl],adj.实际的 真实的 现行的 目前的
2,government,[ɡʌvənmənt],n.政府 <英>内阁 政治 政体
2,taxpayer,[ˈtæksˌpeɪə],n.纳税人 所收租金只够支付地产税的建筑物
2,submit,[səb'mɪt],v. 使 服从  使 顺从vt.提交 递交
2,reject,[rɪ'dʒekt],n.被拒之人 被弃之物 不合格品 落选者 不及格者vt.拒绝 抵制 否决 呕出 驳回 丢弃
2,produce,[prɒdjuːs],n.产物 农产品vt.提出 出示 生产 制造 结 果实  引起 招致 创作
2,relatively,[relətɪvli], 相关地
2,basis,[beɪsɪs],n.基础 基本 根据 主要成分 或要素   认识论中的 基本原则或原理
2,quiet,[kwaɪət],adj.静止的 宁静的 从容的n.安静 闲适vi.平静下来vt.使平静 使安心 减轻 疑虑、恐惧等 
2,significant,[sɪɡ'nɪfɪkənt],adj.有意义的 重大的 重要的
2,harm,[hɑːm],vt.伤害 损害n.伤害 损害
2,rid,[rɪd],vt.使摆脱 使去掉
2,count,[kaʊnt],v.数 计算 计算在内 认为 有价值n.计数 计算 注意 伯爵
2,yesterday,[ˈjestədeɪ],n.昨天adv.昨天
2,breakfast,[brekfəst],n.早餐vi.进早餐
2,consumption,[kən'sʌmpʃən],n.消费 消费量 肺病
2,dramatically,[drə'mætɪklɪ],adv.戏剧地 引人注目地
2,itself,[ɪt'self], pron.它本身 它自己
2,invest,[ɪn'vest],v.投 资  购买 有用之物 ～ 授予 投资
2,policy,[pɒləsi],n.政策 方针
2,cut,[kʌt],v.切 割、削   直线等 相交 剪 截 刺穿 刺痛 删节 开辟n. 刀、剑、鞭等的 切削 削减 删节 伤口 切口
2,lazy,[leɪzi],adj.懒惰的 懒散的
2,schedule,[ʃedjuːl],n.时间表 进度表v.确定时间
2,shelter,[ˈʃeltə],n.掩蔽处 身避处 掩蔽 保护 庇护所 掩体v.掩蔽 躲避
2,traffic,[træfɪk],n.交通 通行 运输 贸易 交通量 交易 交往 通信量vi.交易 买卖vt.在...通行 用...作交换
2,never,[nevə],adv.决不 从未
2,color,[kʌlə],n.<美> =colour 颜色 色彩 脸色 风格 外貌vt.给...涂颜色 改变...的颜色 粉饰 脸红 歪曲vi.获得颜色 变色
2,official,[ə'fɪʃəl],n.官员 公务员adj.职务上的 公务的 官方的 正式的
2,lonely,[ləʊnli],adj.孤独的 寂寞的 偏僻的 人迹罕至的
2,along,[ə'lɒŋ],adv.往前 向前 prep.顺着 沿着
2,river,[ˈrɪvə],n.河 江
2,tree,[triː],n.树 木料 树状物vt.赶上树n.[计] 显示驱动器的子目录结构vi.爬上树 逃上树
2,bulk,[bʌlk],n.大小 体积 大批 大多数 散装vt.显得大 显得重要 
2,approximately,[ə'prɒksɪmətli],adv.近似地 大约
2,precisely,[prɪ'saɪsli],adv.adv.正好
2,distinguish,[dɪ'stɪŋɡwɪʃ],v.区别 辨别
2,natural,[nætʃərəl],adj.自然的 自然界的 关于自然界的 天生的 天赋的 普通的 正常的 简单自然的 本位号
2,continually,[kən'tɪnjʊəlɪ],adv.不断地 频繁地
2,superior,[sʊ'pɪəriə],n.长者 高手 上级adj.较高的 上级的 上好的 出众的 高傲的
2,tradition,[trə'dɪʃən],n.传统 惯例
2,introduce,[ɪntrə'djuːs],vt.介绍 传入 引进 提出
2,refine,[rɪ'faɪn],vt.精炼 精制 使文雅高尚
2,mammal,[mæməl],n.哺乳动物
2,assume,[ə'sjuːm],vt.假定 设想 采取 呈现
2,decimal,[desɪməl],adj.十进的 小数的 以十为基础的 十进制n.小数
2,decimally,[desɪməlɪ],adv.用十进制 用小数
2,serve,[sɜːv],v.当仆人 服务 服役 供职 招待 侍候 供应 适合n.发球
2,linguistic,[lɪŋ'ɡwɪstɪk],adj.语言上的 语言学上的
2,diversity,[daɪ'vɜːsəti],n.差异 多样性
2,spotlight,[spɒtlaɪt],n.聚光灯
2,dietary,[daɪətəri],adj.饭食的n.规定的食物 饮食之规定
2,york,[jɔːk], 约克角[澳大利亚东北部] 在约克角半岛  <板球>使击球员出局
2,systematic,[sɪstə'mætɪk],adj.系统的 体系的
2,welch,[weltʃ],v.逃避债务
2,grape,[ɡreɪp],n.葡萄 葡萄树
2,juice,[dʒuːs],n. 水果 汁 液
2,wealth,[welθ],n.财富 财产 大量
2,ease,[iːz],n.安逸 安心 不费力 悠闲vt.使悠闲 使安心 减轻 放松vi.减弱 减轻 放松 灵活地移动
