单词,词频
the,814
to,636
a,477
of,474
and,367
in,313
is,296
are,276
that,239
on,194
A,180
you,165
with,160
It,156
for,151
their,147
s,137
people,126
more,124
have,114
They,113
it,113
from,109
be,107
or,104
as,103
not,102
they,101
by,100
can,89
C,86
D,84
will,80
t,78
The,76
B,72
passage,71
this,70
about,69
one,68
who,66
may,63
What,63
than,59
time,56
was,55
do,54
In,53
we,53
an,52
them,51
just,50
work,50
at,50
based,49
what,48
I,46
students,46
should,46
Questions,45
He,44
letter,41
You,41
your,41
has,41
many,40
Answer,39
through,39
some,38
were,38
when,38
Directions,37
questions,37
how,37
but,37
For,36
only,35
there,35
our,35
stress,35
does,35
children,34
hear,33
Sheet,33
But,33
these,33
four,32
other,32
study,32
said,32
each,31
up,31
school,31
women,31
heard,30
minutes,30
out,30
high,30
Section,29
section,29
choices,29
much,29
social,29
if,29
f,29
two,28
corresponding,28
words,28
This,28
research,28
conversation,27
three,27
author,27
employees,27
once,26
best,26
new,26
often,26
J,26
She,26
found,26
like,26
had,26
How,26
numbers,26
single,25
line,25
his,25
make,25
into,25
which,25
help,25
health,25
also,25
her,24
change,24
news,24
so,24
IT,24
less,23
marked,23
mark,23
centre,23
get,23
following,23
experience,23
number,23
obesity,23
interesting,23
information,22
even,21
choose,21
use,21
One,21
good,21
all,21
being,21
did,21
those,21
different,21
he,21
report,21
paragraph,20
things,20
disease,20
way,20
If,20
working,20
learn,20
important,20
years,20
men,20
teens,20
answer,19
before,19
bank,19
l,19
says,19
home,19
We,19
studies,19
most,19
interest,19
career,19
long,18
must,18
job,18
food,18
Part,18
over,18
early,18
likely,18
might,18
now,18
To,18
reading,18
After,17
skills,17
given,17
life,17
year,17
mindset,17
say,17
There,17
no,17
day,17
between,17
feel,17
media,17
find,16
become,16
its,16
human,16
going,16
teachers,16
physical,16
made,16
i,16
been,16
By,16
too,16
ten,15
Each,15
scientists,15
companies,15
growth,15
part,15
traditional,15
write,15
us,15
word,14
choice,14
any,14
would,14
activities,14
take,14
money,14
boredom,14
world,14
curiosity,14
books,14
something,13
end,13
question,13
Then,13
business,13
first,13
People,13
Most,13
L,13
M,13
well,13
ninth,13
grade,13
then,13
better,13
little,13
r,13
my,13
someone,13
she,13
contact,13
own,12
close,12
getting,12
Many,12
statements,12
such,12
math,12
because,12
done,12
Passage,12
company,12
today,12
problem,12
where,12
need,12
winners,12
show,12
tend,12
American,12
male,12
At,11
Both,11
spoken,11
making,11
spent,11
When,11
among,11
lives,11
performance,11
economy,11
very,11
go,11
could,11
same,11
ways,11
industry,11
really,11
And,11
problems,11
boring,11
o,11
re,11
read,11
don,11
others,11
relationships,11
weight,11
ago,11
communication,10
care,10
around,10
j,10
Comprehension,10
academic,10
matter,10
think,10
having,10
mental,10
recent,10
showed,10
left,10
That,10
These,10
play,10
without,10
setbacks,10
narrow,10
example,10
Why,10
anumeric,10
heart,10
Dr,10
gender,10
come,9
house,9
successful,9
passages,9
great,9
space,9
unique,9
lL,9
remote,9
N,9
Some,9
difficult,9
themselves,9
young,9
impact,9
support,9
shows,9
So,9
responses,9
improve,9
public,9
More,9
followed,9
technology,9
needed,9
educators,9
cognitive,9
down,9
longer,9
ve,9
control,9
self,9
sense,9
thinking,9
suggest,9
office,9
away,9
means,9
person,9
me,9
family,9
d,9
childhood,9
education,9
labor,8
got,8
coffee,8
Its,8
list,8
seek,8
eh,8
parents,8
explore,8
whether,8
body,8
lead,8
know,8
keep,8
least,8
reported,8
back,8
Research,8
five,8
spend,8
helps,8
simply,8
using,8
understand,8
m,8
affect,8
researchers,8
losers,8
As,8
every,8
causes,8
O,8
emotions,8
healthy,8
cultures,8
quantitative,8
tell,8
devices,8
Professor,8
makes,7
advice,7
wild,7
cause,7
building,7
friends,7
Reading,7
carefully,7
simple,7
electronic,7
statement,7
derived,7
across,7
nearly,7
challenges,7
English,7
schools,7
grades,7
higher,7
costs,7
ability,7
reports,7
cost,7
far,7
asked,7
findings,7
e,7
want,7
fill,7
decide,7
bring,7
specific,7
try,7
issues,7
possible,7
c,7
surveys,7
online,7
However,7
still,7
areas,7
suggests,7
top,7
process,7
real,7
feeling,7
eating,7
eat,7
diet,7
reach,7
create,7
low,7
Jimmy,7
anxiety,7
professional,7
exercise,7
language,7
quantities,7
probably,7
handed,7
used,7
generally,7
funded,7
took,7
employers,7
digital,7
common,6
conversations,6
lot,6
car,6
America,6
nature,6
heat,6
blanks,6
required,6
select,6
blank,6
Read,6
Please,6
item,6
under,6
put,6
F,6
K,6
species,6
attached,6
contains,6
paragraphs,6
Identify,6
marking,6
results,6
science,6
deal,6
society,6
benefit,6
percent,6
Jl,6
productivity,6
emotional,6
beliefs,6
ll,6
believed,6
struggle,6
result,6
taught,6
daily,6
give,6
blood,6
tasks,6
ideas,6
potential,6
especially,6
unfinished,6
argue,6
st,6
century,6
develop,6
born,6
g,6
partner,6
Two,6
survey,6
major,6
quality,6
field,6
rather,6
boost,6
allowed,6
another,6
course,6
grant,6
able,6
didn,6
evidence,6
University,6
Wang,6
sure,6
paper,6
paid,6
always,6
definition,6
decades,6
usually,6
place,6
cats,6
workers,6
smartphones,6
activity,6
adults,6
languages,6
share,6
particular,6
role,6
nutrition,6
senior,6
value,6
environment,6
pets,6
UVOOC,6
COM,6
ducks,6
lack,6
gap,6
sleep,6
Joyce,6
complex,6
yourself,6
movies,6
requires,5
local,5
earlier,5
easy,5
actually,5
set,5
restaurant,5
helped,5
identified,5
JJ,5
ants,5
month,5
kind,5
student,5
type,5
interested,5
H,5
doesn,5
half,5
doing,5
Students,5
lose,5
depression,5
Researchers,5
main,5
related,5
intelligence,5
hormones,5
levels,5
speech,5
popular,5
task,5
both,5
after,5
happen,5
increase,5
According,5
leaders,5
future,5
hands,5
creative,5
fact,5
experts,5
creativity,5
finding,5
risks,5
kids,5
free,5
critical,5
success,5
according,5
games,5
Being,5
expected,5
colleagues,5
times,5
consider,5
non,5
widespread,5
project,5
wrong,5
businesses,5
various,5
training,5
effects,5
Chinese,5
Jt,5
Jj,5
rate,5
off,5
mostly,5
published,5
effect,5
funding,5
sometimes,5
Yet,5
attention,5
huge,5
amount,5
strong,5
point,5
meaning,5
calorie,5
hard,5
include,5
growing,5
Glasgow,5
loneliness,5
live,5
numberless,5
distinctions,5
While,5
small,5
understanding,5
beyond,5
recognize,5
certain,5
age,5
base,5
walking,5
built,5
sugar,5
full,5
against,5
corporate,5
proposal,5
aim,5
hours,5
behaviors,5
Thus,5
view,5
see,5
Li,5
BJ,5
offices,5
savings,5
mean,5
form,5
spending,5
touching,5
Keefe,5
interests,5
programs,5
Shakespeare,5
T,5
together,4
big,4
few,4
hand,4
starting,4
while,4
animals,4
Im,4
million,4
cope,4
instance,4
large,4
consequences,4
communities,4
studied,4
college,4
enjoy,4
terms,4
pays,4
meet,4
personalities,4
mindsets,4
fixed,4
whose,4
declining,4
teaching,4
damage,4
felt,4
several,4
kinds,4
adapt,4
wonder,4
larger,4
overall,4
changing,4
JI,4
economic,4
seem,4
achieve,4
old,4
benefits,4
key,4
reasons,4
p,4
design,4
playing,4
solve,4
ones,4
systems,4
almost,4
changes,4
managers,4
effort,4
team,4
fit,4
Employees,4
system,4
Translation,4
translate,4
U,4
pay,4
texts,4
customer,4
look,4
similar,4
sciences,4
known,4
National,4
manage,4
accepted,4
measures,4
grants,4
authors,4
groups,4
members,4
latest,4
productive,4
losing,4
though,4
extensive,4
focus,4
greater,4
negative,4
bored,4
thought,4
connections,4
community,4
reduce,4
alone,4
ate,4
nuts,4
national,4
statistics,4
drastically,4
claim,4
rise,4
snacking,4
contribute,4
intake,4
conswnption,4
habits,4
Make,4
Writing,4
II,4
Listening,4
taken,4
carbon,4
emissions,4
pet,4
led,4
wanted,4
products,4
learning,4
favored,4
countries,4
Britain,4
individuals,4
started,4
United,4
exact,4
track,4
require,4
Perhaps,4
individual,4
numerical,4
practice,4
cultural,4
written,4
instincts,4
ever,4
humans,4
Harvard,4
present,4
Nestle,4
reviews,4
story,4
Coca,4
Cola,4
gain,4
data,4
Be,4
father,4
Who,4
encourage,4
bridge,4
force,4
il,4
Q,4
domestic,4
S,4
Have,4
paint,4
ideal,4
Workers,4
believe,4
romantic,4
relationship,4
humble,4
personal,4
Ms,4
Women,4
severe,4
responsibilities,4
comes,4
symptoms,4
increasingly,4
talk,4
CJ,4
since,4
negatively,4
knowledge,4
nightmares,4
hold,4
th,4
necessarily,4
routine,4
interpersonal,4
affection,4
arts,4
Pirson,4
Interesting,4
dictionary,4
labelling,4
Obese,4
importance,3
background,3
party,3
market,3
side,3
easier,3
freely,3
considerable,3
fewer,3
chairs,3
quite,3
computer,3
reliable,3
beans,3
easily,3
race,3
variety,3
entire,3
married,3
famous,3
lunch,3
goal,3
hair,3
giving,3
including,3
everything,3
literally,3
removed,3
start,3
Consider,3
shock,3
drop,3
Others,3
term,3
global,3
fail,3
jobs,3
dollars,3
avoided,3
turned,3
friendships,3
graders,3
next,3
explanation,3
clinical,3
total,3
treatment,3
loss,3
Given,3
transition,3
examined,3
Instead,3
worse,3
permanent,3
difficulties,3
came,3
hearts,3
brain,3
First,3
types,3
ongoing,3
factor,3
OOO,3
beneficial,3
facing,3
prepare,3
developing,3
workforce,3
grow,3
goals,3
makers,3
why,3
technologies,3
tinker,3
youth,3
development,3
efficiency,3
showing,3
engaging,3
basic,3
Encourage,3
available,3
bad,3
call,3
issue,3
buy,3
Through,3
employee,3
confidence,3
satisfaction,3
dull,3
expectations,3
influential,3
designed,3
rely,3
Think,3
suit,3
Ji,3
ffi,3
ii,3
anything,3
provide,3
star,3
scale,3
barely,3
per,3
power,3
Science,3
failure,3
documented,3
kill,3
missed,3
near,3
lost,3
won,3
rich,3
twice,3
eight,3
ahead,3
book,3
miss,3
later,3
missing,3
decade,3
papers,3
conducted,3
passionate,3
loser,3
psychological,3
His,3
paying,3
goes,3
Maybe,3
trying,3
equal,3
gives,3
account,3
motivating,3
journal,3
failures,3
strategy,3
motivate,3
innovative,3
mind,3
signal,3
isn,3
desire,3
limited,3
talent,3
struggling,3
interactions,3
remember,3
meals,3
past,3
reporting,3
Now,3
calories,3
happening,3
obese,3
thus,3
energy,3
options,3
stick,3
snacks,3
leads,3
essay,3
Is,3
city,3
badly,3
damaged,3
soon,3
follow,3
shopping,3
class,3
affects,3
child,3
average,3
Social,3
appear,3
security,3
Loneliness,3
minister,3
serious,3
isolated,3
States,3
Americans,3
happens,3
exist,3
living,3
precise,3
conscious,3
watching,3
universal,3
normal,3
Like,3
Such,3
tools,3
consistently,3
takes,3
awareness,3
Indeed,3
fingers,3
generations,3
product,3
factors,3
influence,3
truly,3
differences,3
affected,3
concept,3
week,3
fat,3
consumers,3
Liebman,3
expert,3
remains,3
else,3
plays,3
qualities,3
providers,3
services,3
experienced,3
gig,3
illustrate,3
considered,3
solving,3
Suppose,3
program,3
participants,3
plane,3
six,3
complications,3
newly,3
furniture,3
III,3
humility,3
realize,3
avoid,3
app,3
however,3
unpaid,3
housework,3
responsibility,3
attack,3
becoming,3
experiences,3
sharing,3
suffered,3
AJ,3
DJ,3
es,3
norm,3
Employers,3
estate,3
realm,3
note,3
gathering,3
genetic,3
infants,3
short,3
motivates,3
hour,3
nightmare,3
disorder,3
Medicine,3
complicated,3
professor,3
matters,3
ital,3
Over,3
cinema,3
decline,3
articles,3
Latin,3
closeness,3
kissing,3
Arabian,3
definitely,3
ask,3
approaches,3
majors,3
university,3
computational,3
Having,3
gold,3
police,3
architect,3
client,3
dramatist,3
Stratford,3
April,3
stories,3
ordinary,3
listener,3
Wilding,3
Richard,3
Pile,3
patients,3
roles,3
Reich,3
Shapiro,3
teacher,3
fathers,3
frequently,2
surprise,2
Paul,2
birthday,2
Travel,2
coming,2
whole,2
walk,2
chat,2
saves,2
offers,2
spacious,2
crowded,2
sells,2
opening,2
distance,2
drive,2
friend,2
deciding,2
trusted,2
became,2
killed,2
searching,2
hunted,2
Russian,2
attacks,2
carry,2
diseases,2
fil,2
lived,2
fell,2
ran,2
quickly,2
outer,2
Develop,2
Use,2
brew,2
heated,2
receive,2
price,2
tasty,2
contestants,2
village,2
state,2
Idaho,2
went,2
shade,2
silver,2
ant,2
nests,2
sun,2
perfect,2
universities,2
tracking,2
discover,2
adapted,2
looked,2
light,2
reflection,2
Willot,2
method,2
cool,2
reflective,2
protect,2
protection,2
helping,2
keeping,2
G,2
crawling,2
nation,2
begin,2
coursework,2
core,2
policymakers,2
observations,2
families,2
passing,2
graduate,2
additional,2
poorly,2
extent,2
move,2
typically,2
greatest,2
increases,2
lifespan,2
ties,2
demands,2
rising,2
cases,2
Health,2
worldwide,2
insight,2
stuck,2
abilities,2
referring,2
belief,2
cannot,2
smartness,2
examining,2
lower,2
determined,2
front,2
upper,2
topic,2
poor,2
gave,2
vessels,2
contracted,2
pumped,2
preparing,2
threat,2
mistakes,2
resources,2
contributed,2
ultimately,2
further,2
diverse,2
improvement,2
feature,2
culture,2
sharp,2
contributes,2
position,2
losses,2
sharply,2
experiments,2
positive,2
STEM,2
engineering,2
advance,2
reality,2
SIBM,2
builders,2
aren,2
teamwork,2
optimism,2
experiment,2
industries,2
master,2
olds,2
engaged,2
principles,2
geometry,2
skill,2
foster,2
Taking,2
whatever,2
materials,2
anyone,2
acquire,2
enhance,2
inviting,2
enhancing,2
involving,2
tech,2
basics,2
Allow,2
Engage,2
challenging,2
facilities,2
SS,2
right,2
fix,2
frustrated,2
desk,2
powerful,2
faster,2
employer,2
reliant,2
fault,2
crucial,2
Their,2
functioning,2
machines,2
relieve,2
repetitive,2
thing,2
transformation,2
gone,2
swollen,2
promised,2
efficiencies,2
reversed,2
initiatives,2
consideration,2
user,2
ensuring,2
timely,2
fJ,2
technological,2
Therefore,2
infrastructure,2
deeply,2
properly,2
needs,2
sound,2
regular,2
fif,2
fl,2
tk,2
ri,2
Jrfl,2
rating,2
Even,2
Australia,2
Post,2
Online,2
hit,2
lQ,2
chance,2
display,2
sources,2
modem,2
screen,2
Often,2
prospects,2
genuine,2
truth,2
wins,2
subjective,2
allows,2
measure,2
Studies,2
bigger,2
richer,2
Academy,2
concluded,2
within,2
launching,2
phenomenon,2
referred,2
red,2
fo,2
Success,2
Barabasi,2
already,2
shown,2
sociologist,2
included,2
stayed,2
performed,2
straightforward,2
reason,2
group,2
weakest,2
winner,2
de,2
Rijt,2
worth,2
actual,2
regard,2
distribute,2
government,2
taxpayers,2
performing,2
gets,2
selection,2
tried,2
impossible,2
submitted,2
rejected,2
determine,2
Getting,2
favor,2
achievements,2
researcher,2
relatively,2
basis,2
innovation,2
linked,2
quiet,2
seems,2
h,2
b,2
step,2
build,2
face,2
depth,2
likes,2
fundamental,2
purpose,2
ourselves,2
significant,2
effective,2
connect,2
harm,2
indicate,2
conflict,2
status,2
outside,2
rid,2
relate,2
yesterday,2
vague,2
breakfast,2
noted,2
puzzled,2
consumption,2
dramatically,2
Office,2
Statistics,2
consuming,2
itself,2
rates,2
Another,2
proportion,2
increasing,2
regardless,2
message,2
invest,2
policy,2
looking,2
ensure,2
wouldn,2
works,2
Calorie,2
surveyed,2
reveal,2
accurately,2
habit,2
level,2
difficulty,2
eaten,2
unnoticed,2
trend,2
cut,2
See,2
tJ,2
lazy,2
reference,2
sign,2
ended,2
ScottishPower,2
reducing,2
animal,2
shelters,2
Keep,2
street,2
cat,2
equipment,2
Ask,2
fellow,2
traffic,2
operation,2
pounds,2
mother,2
Shopping,2
delivery,2
service,2
pass,2
exists,2
secondary,2
addiction,2
behavior,2
unable,2
never,2
prove,2
enough,2
classify,2
color,2
vary,2
country,2
endure,2
standards,2
official,2
Public,2
address,2
Last,2
Barran,2
Let,2
leave,2
friendly,2
sparked,2
Amazonia,2
along,2
tree,2
contrast,2
aware,2
balance,2
unusual,2
bulk,2
approximately,2
precisely,2
Piraha,2
trouble,2
remain,2
natural,2
stressing,2
continually,2
superior,2
discrimination,2
seven,2
conclusion,2
With,2
represents,2
handle,2
absence,2
traditions,2
forms,2
transform,2
reasoning,2
introduced,2
peers,2
Human,2
brains,2
Compared,2
mammals,2
assume,2
smaller,2
decimal,2
decimally,2
thoughts,2
upright,2
er,2
seconds,2
linguistic,2
diversity,2
cross,2
culturally,2
An,2
TRUE,2
shifted,2
spotlight,2
scholar,2
Marion,2
New,2
York,2
systematic,2
Welch,2
behind,2
function,2
keeps,2
revealed,2
organizations,2
drink,2
medical,2
ignore,2
feed,2
pointing,2
pretty,2
raised,2
recommendations,2
stay,2
ladder,2
wealth,2
ease,2
weren,2
consultant,2
k,2
eventually,2
initiative,2
recognition,2
focused,2
clients,2
platform,2
platforms,2
reinforces,2
values,2
massive,2
accumulated,2
fashion,2
regarded,2
replace,2
radical,2
tlf,2
IJ,2
organizing,2
cargo,2
land,2
mistake,2
Give,2
brought,2
babies,2
Replace,2
picture,2
returned,2
owner,2
Duck,2
meat,2
Canada,2
parts,2
geese,2
repainted,2
review,2
stimulate,2
promptly,2
tired,2
Provide,2
ignored,2
intelligent,2
style,2
Lay,2
emphasis,2
reduced,2
percentage,2
passion,2
trait,2
ab,2
ty,2
deficiencies,2
honest,2
advantages,2
identify,2
spouse,2
possess,2
presence,2
thoroughly,2
highly,2
love,2
developer,2
sleeplessness,2
dreams,2
busy,2
suffer,2
Journal,2
Psychological,2
Association,2
difference,2
disorders,2
merely,2
stressed,2
female,2
acting,2
expressed,2
Hundreds,2
duties,2
circumstantial,2
guilty,2
includes,2
lities,2
triple,2
advised,2
signs,2
noticed,2
becomes,2
shift,2
compensated,2
backed,2
private,2
purposes,2
run,2
estimates,2
Montreal,2
discussion,2
calculations,2
staff,2
compensation,2
cities,2
transfer,2
modest,2
idea,2
convincing,2
define,2
general,2
covers,2
interact,2
shape,2
guide,2
incredible,2
crawlers,2
cold,2
afraid,2
turn,2
occasional,2
drugs,2
Sleep,2
analyzed,2
associate,2
points,2
during,2
leisure,2
screens,2
period,2
visited,2
video,2
emphasize,2
scholars,2
entertainment,2
movie,2
analysis,2
disturbing,2
newspapers,2
magazines,2
pleasure,2
Of,2
deep,2
claims,2
acceptable,2
hug,2
nonverbal,2
intimacy,2
belong,2
comfortable,2
Despite,2
relational,2
cheek,2
degree,2
check,2
Asian,2
friendship,2
Although,2
tactile,2
communicators,2
ages,2
genders,2
appropriate,2
Take,2
pandemic,2
extend,2
disciplinary,2
boundaries,2
generated,2
economics,2
creating,2
direction,2
solutions,2
due,2
disciplines,2
birth,2
contest,2
chicken,2
nearby,2
farm,2
diamonds,2
airplane,2
records,2
days,2
card,2
details,2
website,2
concerned,2
eager,2
Parents,2
feelings,2
Running,2
tour,2
poet,2
twins,2
establish,2
incredibly,2
conversationalist,2
topics,2
authentic,2
surprised,2
Morrissey,2
producer,2
viewers,2
Pass,2
opportunities,2
relatable,2
population,2
argues,2
John,2
genes,2
diabetes,2
action,2
identity,2
Mindi,2
commit,2
recommend,2
prospective,2
realise,1
cafe,1
Preparations,1
Saturday,1
plans,1
weekend,1
town,1
hostess,1
enables,1
guests,1
tables,1
discounts,1
wines,1
soft,1
drinks,1
Cook,1
dish,1
Prepare,1
remarks,1
Arrive,1
Bring,1
speakers,1
commuting,1
Miami,1
travel,1
convenience,1
weekends,1
compact,1
Buy,1
second,1
Seek,1
Tlll,1
ownjudge,1
lt,1
Look,1
cars,1
dealer,1
escaped,1
farms,1
native,1
North,1
Spanish,1
explorers,1
sudden,1
break,1
supply,1
chain,1
environmental,1
pollution,1
peacefully,1
pigs,1
victim,1
eagles,1
completely,1
reproduced,1
Taste,1
strain,1
bean,1
Roast,1
pressurised,1
tank,1
burned,1
float,1
oven,1
evenly,1
distributed,1
charged,1
roasted,1
branch,1
Dubai,1
manufacture,1
roasters,1
collaborated,1
spacC,1
machine,1
abandoned,1
attempt,1
roast,1
sightseeing,1
clean,1
Iditarod,1
Trail,1
passes,1
annually,1
villagers,1
queen,1
baking,1
fruit,1
pies,1
winter,1
scenery,1
Jan,1
Newton,1
owned,1
Alaska,1
compete,1
husband,1
temperatures,1
Sahara,1
Desert,1
soar,1
degrees,1
Fahrenheit,1
Saharan,1
underground,1
brutal,1
rays,1
joined,1
desert,1
Belgian,1
digging,1
melt,1
bottom,1
shoes,1
Back,1
Belgium,1
microscope,1
triangular,1
reflects,1
prism,1
metallic,1
protecting,1
awful,1
Ph,1
Quentin,1
knife,1
lamp,1
temperature,1
jumped,1
staying,1
Could,1
firefighters,1
homes,1
summer,1
adapting,1
hunt,1
consciously,1
specimens,1
moderate,1
thick,1
tiny,1
extreme,1
reaa,1
stressful,1
thirds,1
refers,1
dramatic,1
avoiding,1
hopelessness,1
failing,1
classes,1
IBtimately,1
transitioning,1
lii,1
psychologists,1
thrive,1
finish,1
preparatory,1
unlikely,1
calculated,1
lifetime,1
completes,1
earnings,1
crime,1
welfare,1
dependence,1
eighth,1
changed,1
signaling,1
striking,1
instability,1
addition,1
broken,1
Furthermore,1
adult,1
emerge,1
aaolescence,1
World,1
Organization,1
burden,1
riding,1
yielded,1
forever,1
succeed,1
academically,1
maintain,1
Past,1
called,1
tl,1
adolescents,1
assessed,1
biological,1
dropping,1
smart,1
beginning,1
held,1
exciting,1
solely,1
predicted,1
worsening,1
hopeless,1
affairs,1
investigated,1
instead,1
standing,1
bullied,1
excluded,1
laboratory,1
Following,1
complete,1
Experiment,1
defeat,1
speeches,1
demanding,1
situation,1
intervention,1
oxygen,1
possibilities,1
investigating,1
replicate,1
itJ,1
hope,1
counselors,1
perspective,1
experiencing,1
decisive,1
told,1
unchangeable,1
enormous,1
stable,1
enter,1
respond,1
entering,1
Educators,1
Teachers,1
Technology,1
Play,1
Focusing,1
enhanced,1
relevant,1
combined,1
combination,1
proving,1
tomorrow,1
partnering,1
fashioned,1
subject,1
imagination,1
problemsolving,1
patience,1
acquired,1
fib,1
fu,1
High,1
ech,1
NASA,1
Jet,1
Propulsion,1
Laboratory,1
solvers,1
tinkerers,1
iA,1
tearing,1
again,1
third,1
spatial,1
mathematical,1
architectural,1
blocks,1
Children,1
creators,1
fostering,1
room,1
older,1
Secondly,1
underresourced,1
handy,1
tinkering,1
engage,1
maker,1
anywhere,1
blending,1
stimulating,1
curriculums,1
familiarizing,1
gadgets,1
mastering,1
Stimulate,1
po,1
ssible,1
Spend,1
calculators,1
advise,1
disadvantaged,1
Train,1
Work,1
worker,1
envy,1
middle,1
meeting,1
instantly,1
projector,1
tolerate,1
tempers,1
funds,1
source,1
dissatisfaction,1
suddenly,1
deteriorating,1
existent,1
penetrates,1
operating,1
swells,1
surge,1
processes,1
triggers,1
frustration,1
popped,1
occurs,1
implement,1
Which,1
appreciate,1
exert,1
substantial,1
eliminates,1
programming,1
errors,1
application,1
crashes,1
Adequate,1
enable,1
users,1
ip,1
importantly,1
practitioners,1
mentally,1
adjust,1
limitations,1
envied,1
financially,1
rewarding,1
appeal,1
him,1
match,1
heavily,1
dependent,1
confident,1
implementing,1
customers,1
Draw,1
Assess,1
designing,1
adjusting,1
offormg,1
tliem,1
serv,1
ce,1
trammg,1
Tieguanyin,1
ml,1
x,1
z,1
Jm,1
iffl,1
Mi,1
ifli,1
Mg,1
fE,1
txo,1
ifl,1
JoiJt,1
JJri,1
ff,1
ift,1
jJ,1
tJu,1
Eil,1
IZQOOTWIl,1
lml,1
fi,1
WIfflfRJ,1
JZtl,1
flll,1
EJ,1
JtttE,1
pff,1
tll,1
correspondirtg,1
Nowadays,1
store,1
EFTPOS,1
terminal,1
calling,1
Telstra,1
picking,1
parcel,1
emails,1
asking,1
purchases,1
Companies,1
stars,1
delete,1
sends,1
apps,1
provider,1
asks,1
completed,1
cent,1
Economist,1
Jason,1
Murphy,1
ratings,1
feedback,1
nuclear,1
basing,1
fabrications,1
click,1
closest,1
mouse,1
cursor,1
damn,1
purchase,1
announce,1
commonplace,1
confess,1
maesperate,1
fascinated,1
shining,1
option,1
showering,1
prompted,1
voyage,1
routinely,1
JTJ,1
Failures,1
overcome,1
fears,1
disasters,1
wound,1
screw,1
Wouldn,1
nice,1
scientifically,1
expression,1
stronger,1
probed,1
qualifications,1
arbitrary,1
either,1
misses,1
merit,1
chosen,1
area,1
conflicting,1
competitive,1
game,1
biomedical,1
narrowly,1
Proceedings,1
Sciences,1
Netherlands,1
qualified,1
professorship,1
US,1
Institutes,1
fellowships,1
Matthew,1
fosp,1
y,1
ilie,1
Bible,1
wisdom,1
diaf,1
Formula,1
Universal,1
Laws,1
Albert,1
Laszlo,1
risky,1
positions,1
awards,1
recognized,1
Small,1
disproportionate,1
weaker,1
technique,1
penalty,1
case,1
Nature,1
Communications,1
Northwestern,1
Dashun,1
tracked,1
border,1
authored,1
measured,1
subsequent,1
citations,1
attrition,1
wasn,1
tests,1
outperform,1
comparable,1
selected,1
culled,1
deemed,1
persevering,1
thinks,1
proverbial,1
kick,1
pants,1
Utrecht,1
Arnout,1
van,1
apparently,1
reasonable,1
although,1
agents,1
continuing,1
pile,1
riches,1
maximum,1
bang,1
buck,1
selecting,1
scientific,1
establishment,1
distributing,1
figure,1
suggesting,1
dividing,1
efficient,1
Van,1
convinced,1
yet,1
culling,1
quit,1
fire,1
recalled,1
request,1
editing,1
unedited,1
version,1
respected,1
sports,1
disappointments,1
fate,1
careful,1
preparation,1
road,1
rejection,1
loses,1
fatal,1
greatly,1
persevere,1
Grant,1
awarders,1
alretJ,1
dy,1
recoized,1
repective,1
Jd,1
Suffering,1
produced,1
contradictory,1
Scientists,1
persisted,1
receiving,1
luck,1
suggested,1
chances,1
promoted,1
professors,1
fruitful,1
Minor,1
passa,1
ges,1
ach,1
Boredom,1
trendy,1
completion,1
tedious,1
associative,1
impressive,1
clear,1
daydream,1
stimulation,1
unrealistic,1
occur,1
valid,1
painful,1
turns,1
met,1
Our,1
superficial,1
ay,1
buildin,1
se,1
elonging,1
Feeling,1
joining,1
organization,1
post,1
Similar,1
belonging,1
contribution,1
mindful,1
emptiness,1
provokes,1
genuinely,1
facilitates,1
fulfilled,1
resolved,1
validated,1
obstacle,1
expanding,1
prevent,1
ought,1
Count,1
posts,1
Reflect,1
Participate,1
discussions,1
Try,1
original,1
Confront,1
Define,1
Devote,1
worthy,1
Can,1
description,1
dinner,1
snack,1
bar,1
handful,1
originally,1
suspicion,1
falling,1
confirmed,1
Under,1
consume,1
overweight,1
driven,1
partly,1
deception,1
wishful,1
final,1
Again,1
conswned,1
recorded,1
categories,1
conveyed,1
accurate,1
measurement,1
Also,1
waistlines,1
suspect,1
fallen,1
reluctant,1
reflect,1
verified,1
eats,1
secret,1
overlook,1
recalling,1
chang,1
ove,1
Jh,1
rs,1
Remind,1
fattening,1
Ensure,1
kAt,1
CLongjing,1
ij,1
ifu,1
Ai,1
bfe,1
ifg,1
ikJlJ,1
Yt,1
iifiifll,1
iifitt,1
ftatfaJ,1
tft,1
iMpp,1
lf,1
titled,1
below,1
computers,1
distract,1
tmnkers,1
Pope,1
Germany,1
Go,1
Newcastle,1
Tour,1
Italian,1
hospital,1
ambulance,1
GPS,1
order,1
Scotland,1
target,1
reduction,1
schedule,1
City,1
Council,1
pledged,1
UK,1
Minister,1
Nicola,1
Sturgeon,1
urged,1
renewable,1
Stricter,1
regulation,1
transforming,1
necessary,1
emission,1
zones,1
donates,1
overpopulated,1
permits,1
yen,1
Volunteer,1
Rescue,1
homeless,1
Contribute,1
fund,1
tremendously,1
firm,1
fame,1
resulted,1
wili,1
Find,1
Borrow,1
unsure,1
sincere,1
apology,1
invite,1
join,1
ticket,1
speeding,1
involved,1
accident,1
injury,1
donation,1
charity,1
pocket,1
gift,1
conceal,1
Where,1
Searching,1
aisles,1
Driving,1
Dealing,1
parked,1
sales,1
replacement,1
packaging,1
joy,1
dical,1
extra,1
catch,1
towards,1
gradually,1
regain,1
counselling,1
Too,1
addicted,1
Addiction,1
Computer,1
addictive,1
prioritize,1
whenever,1
wherever,1
unaware,1
damaging,1
previously,1
agreement,1
uniform,1
formal,1
passports,1
bordering,1
brown,1
wear,1
tear,1
rare,1
material,1
size,1
Fhey,1
airlines,1
identifiable,1
beauty,1
visibility,1
isolation,1
poses,1
smoking,1
cigarettes,1
Brigham,1
Young,1
silent,1
risk,1
produces,1
Second,1
doctor,1
E,1
fa,1
appointed,1
Baroness,1
disconnected,1
Talk,1
campaign,1
supporting,1
benches,1
seating,1
encouraged,1
stop,1
transportation,1
fifth,1
lonely,1
unmarried,1
strained,1
quarter,1
song,1
loneliest,1
abruptly,1
severely,1
appointments,1
hindered,1
idiom,1
splitting,1
debating,1
implication,1
dimensions,1
pushing,1
touches,1
bas,1
Numbers,1
hunter,1
gatherers,1
branches,1
largest,1
river,1
exclusively,1
governed,1
checking,1
historical,1
representing,1
utilize,1
Speakers,1
offer,1
window,1
invention,1
reshaped,1
Otltures,1
nwnbers,1
Munduruku,1
Nicaragua,1
Without,1
distinguish,1
recall,1
remove,1
Responses,1
otherexiteriments,1
hav,1
toa,1
simpleconclusionJ,1
lhepeopldQD,1
QtJ,1
av,1
eumber,1
portion,1
demonstrate,1
cognitively,1
R,1
jj,1
surroundings,1
dominated,1
centuries,1
banks,1
black,1
Maici,1
River,1
outsiders,1
impressed,1
ecology,1
shared,1
unsurprising,1
counting,1
coconuts,1
seemingly,1
blurry,1
eyes,1
echoed,1
industrialized,1
societies,1
Prior,1
spoon,1
fed,1
discriminate,1
acquiring,1
painstaking,1
Initially,1
letters,1
organized,1
sequentially,1
quantity,1
successor,1
principle,1
foundation,1
cognition,1
None,1
skillfully,1
infancy,1
Number,1
equipped,1
refined,1
remarkable,1
instinctual,1
distant,1
mammalian,1
relatives,1
birds,1
refine,1
invent,1
unnatural,1
fingertips,1
ttr,1
evidenced,1
X,1
speak,1
ancestral,1
tongue,1
proto,1
Indo,1
European,1
Proto,1
IndoEuropean,1
oriented,1
ancestors,1
served,1
gateway,1
realization,1
momentary,1
represented,1
passed,1
capacity,1
inclination,1
focusing,1
manual,1
fixation,1
indirect,1
legshas,1
yield,1
Cultures,1
numeric,1
Your,1
ruled,1
concepts,1
nonexistent,1
Minutes,1
verbal,1
representations,1
uncommon,1
ancient,1
Mesopotamia,1
reside,1
minds,1
artifacts,1
inherit,1
conceptually,1
characteristics,1
tremendous,1
differ,1
depths,1
emphasizes,1
history,1
mankind,1
minority,1
drawn,1
distinguishing,1
Making,1
inborn,1
Every,1
aspect,1
Larger,1
upon,1
efforts,1
grasp,1
fallowed,1
Sugar,1
shocked,1
describes,1
reaction,1
revelations,1
squarely,1
dietary,1
Nutrition,1
informally,1
Roughly,1
sponsor,1
tells,1
Other,1
conclusions,1
Foods,1
brand,1
Grape,1
Juice,1
drinking,1
Concord,1
grape,1
juice,1
Quaker,1
Oats,1
Daily,1
Mail,1
hot,1
oatmeal,1
Times,1
promoting,1
battle,1
released,1
detailing,1
institutions,1
associations,1
certainly,1
Bonnie,1
director,1
Center,1
Interest,1
pro,1
Giveathisenv,1
ironment,1
consumeruhould,1
beskepticaL,1
AfJ,1
whenreading,1
innutrition,1
pops,1
Rely,1
reviewed,1
Dietary,1
Guidelines,1
hundreds,1
diets,1
lots,1
vegetables,1
junk,1
balanced,1
Everything,1
experimentally,1
placed,1
analyze,1
depend,1
Nearly,1
serve,1
funders,1
Exercise,1
Choosing,1
Drinking,1
fighting,1
focuses,1
confusion,1
rarely,1
objective,1
runs,1
counter,1
Follow,1
intuition,1
doubtful,1
Ignore,1
irrelevant,1
defined,1
accumulate,1
retire,1
My,1
executive,1
worked,1
freelancer,1
ro,1
lb,1
JfR,1
Today,1
consulting,1
freelancing,1
badge,1
honor,1
valuable,1
ultimate,1
professionals,1
teams,1
Or,1
save,1
hiring,1
tier,1
projects,1
Working,1
cafes,1
ventures,1
adaptability,1
desirable,1
workplace,1
lm,1
delivering,1
artists,1
writers,1
programmers,1
marketplace,1
specifically,1
freelancers,1
conduct,1
rewarded,1
Slowly,1
surely,1
enterprises,1
emerging,1
continues,1
disrupted,1
engine,1
viewed,1
response,1
treasured,1
talents,1
fuller,1
schedules,1
proud,1
outstanding,1
solver,1
capable,1
reform,1
model,1
progress,1
Pu,1
lA,1
Jf,1
Xishuangbanna,1
q,1
Jil,1
Ii,1
JG,1
Mt,1
JC,1
kf,1
fr,1
JJLi,1
fP,1
Jle,1
llli,1
orientation,1
freshmen,1
duration,1
llQ,1
dog,1
board,1
Texas,1
planes,1
airport,1
sent,1
dogs,1
destinations,1
flights,1
mixed,1
Correct,1
checkup,1
Hire,1
charter,1
jet,1
Send,1
continue,1
flight,1
weighs,1
kilograms,1
Africa,1
smooth,1
monitored,1
Sue,1
Tygielski,1
enjoyed,1
popularity,1
frequented,1
weds,1
above,1
sea,1
water,1
Expand,1
beach,1
wooden,1
deck,1
Celebrate,1
wedding,1
anniversary,1
sold,1
thousand,1
posted,1
Facebook,1
manager,1
declined,1
Climate,1
hunting,1
legal,1
Droughts,1
Bushfires,1
Farming,1
Hunting,1
domesticate,1
environmentally,1
sport,1
eggs,1
poisoned,1
Move,1
painted,1
Calculate,1
Cover,1
Stay,1
somewhere,1
Oversee,1
herself,1
Painting,1
involves,1
Moving,1
harder,1
cultivate,1
learned,1
Discuss,1
Create,1
independently,1
Check,1
homework,1
Finish,1
Tackle,1
Start,1
Focus,1
hardest,1
slimmest,1
Impractical,1
Unmanageable,1
Inconsistent,1
Unfair,1
Offer,1
fatter,1
bonuses,1
Improve,1
treated,1
disabled,1
specially,1
campaigns,1
behalf,1
distinctive,1
handwriting,1
Punish,1
discriminating,1
improving,1
iden,1
ed,1
commitment,1
foundations,1
personality,1
traits,1
individua,1
ls,1
XJ,1
Recent,1
indicator,1
Humility,1
indicates,1
admirable,1
denying,1
strengths,1
shortcomings,1
Humble,1
deny,1
limits,1
appears,1
asset,1
initiate,1
perhaps,1
acknowledge,1
assess,1
confused,1
extremely,1
genius,1
Meng,1
San,1
Francisco,1
until,1
decided,1
strike,1
unrested,1
woke,1
realized,1
caring,1
myself,1
ridicule,1
readily,1
dismiss,1
claiming,1
complain,1
despite,1
sum,1
underlines,1
Brain,1
Behavior,1
Clearly,1
psychologist,1
Erin,1
couples,1
therapist,1
Los,1
Angeles,1
prevalence,1
majority,1
pressures,1
fulfilling,1
scope,1
Nations,1
overlooked,1
laborious,1
pai,1
ob,1
Federici,1
assumption,1
preventing,1
inside,1
Nova,1
Southeastern,1
surface,1
forcing,1
wholly,1
calmness,1
sympathy,1
Surface,1
prime,1
writer,1
Jess,1
Zimmerman,1
familiar,1
thread,1
internet,1
blog,1
MetaFilter,1
spoke,1
invisible,1
apparent,1
dismissed,1
labeled,1
exhausting,1
Emotional,1
sleeping,1
Sure,1
enduring,1
socialized,1
added,1
unattainable,1
fly,1
supermom,1
Sanity,1
Self,1
overworked,1
realizations,1
insights,1
ready,1
integrate,1
extends,1
link,1
Worse,1
Medical,1
School,1
disturbed,1
fatigue,1
Stress,1
normalized,1
shrug,1
chest,1
pain,1
discovering,1
problematic,1
die,1
physicians,1
charge,1
adequate,1
Support,1
vital,1
wellness,1
overwhelming,1
Disconnecting,1
respons,1
obviously,1
Get,1
chalk,1
broad,1
colleague,1
disrespectful,1
boss,1
undermining,1
decision,1
Ideally,1
supportive,1
dismissive,1
head,1
partners,1
equitable,1
household,1
steps,1
attending,1
apart,1
undergo,1
utilized,1
Unless,1
fully,1
variant,1
parasitic,1
capitalism,1
whereby,1
profits,1
extracting,1
generating,1
Though,1
chorus,1
advocates,1
inefficiencies,1
extended,1
dedicate,1
purchasing,1
desks,1
dedicated,1
cleaned,1
maintained,1
depends,1
illustration,1
brings,1
speculation,1
meaningful,1
Rough,1
setting,1
onto,1
expropriation,1
absorbing,1
production,1
traditionally,1
lively,1
atmosphere,1
rapidity,1
acclimatization,1
shelve,1
Yahoo,1
sooner,1
expense,1
employeesD,1
oppose,1
discourages,1
spirit,1
undem,1
invades,1
privacy,1
impacts,1
patternsC,1
exemplify,1
conclude,1
transferring,1
homeB,1
Effective,1
opinion,1
temporary,1
loyalty,1
thirst,1
driving,1
dangerous,1
leading,1
downfalls,1
complexity,1
pinning,1
proven,1
tricky,1
consensus,1
infom,1
Psychologists,1
agree,1
intrinsically,1
motivated,1
Curiosity,1
gene,1
component,1
Genes,1
Regardless,1
makeup,1
accomplish,1
gigantic,1
prefer,1
novelty,1
continued,1
exposure,1
situations,1
stakes,1
perfectly,1
proficient,1
stand,1
milestone,1
Seventeen,1
Sometimes,1
testing,1
disaster,1
Inuit,1
Arctic,1
regions,1
created,1
modes,1
northern,1
climates,1
forget,1
tens,1
thousands,1
failed,1
landscapes,1
pushes,1
forward,1
ust,1
participated,1
collecting,1
campus,1
organizers,1
sheets,1
damp,1
sweat,1
racing,1
killer,1
chased,1
dark,1
nothing,1
filled,1
unsettling,1
haunting,1
dreamers,1
lucid,1
dreaming,1
possibly,1
waking,1
Nightmares,1
Doctors,1
unpleasant,1
treat,1
medicines,1
therapies,1
TI,1
Clinical,1
Rachel,1
Salas,1
Johns,1
Hopkins,1
Baltimore,1
cycle,1
mechanical,1
rigorous,1
depart,1
timidity,1
fear,1
grown,1
couple,1
fundamentally,1
Analysis,1
collected,1
reveals,1
Paper,1
writing,1
text,1
messages,1
estimate,1
doubt,1
Teens,1
doubled,1
moved,1
periodic,1
nine,1
sites,1
Meanwhile,1
rose,1
insisted,1
generation,1
grows,1
Large,1
fits,1
pattern,1
ends,1
previous,1
trends,1
compared,1
eno,1
ous,1
newspaper,1
magazine,1
assigned,1
device,1
last,1
themes,1
accidentally,1
scores,1
lowest,1
cu,1
ent,1
Imagine,1
sentences,1
containing,1
sophisticated,1
comprehending,1
chapters,1
solved,1
Should,1
Probably,1
currently,1
smartphone,1
Data,1
connecting,1
excessive,1
limit,1
restriction,1
allow,1
latter,1
biggest,1
separate,1
fiction,1
citizen,1
muchless,1
Survey,1
devicesrather,1
printed,1
schoolers,1
increasedthree,1
meana,1
decrease,1
interacting,1
seniors,1
youngsters,1
socialize,1
wondered,1
touch,1
safe,1
offend,1
ght,1
imply,1
attitudes,1
indifference,1
norms,1
terminology,1
haptics,1
Haptics,1
classified,1
Asia,1
surprisingly,1
rest,1
expect,1
classification,1
context,1
views,1
French,1
custom,1
greetings,1
restricted,1
nds,1
acquaintances,1
greeting,1
man,1
woman,1
African,1
publicly,1
brotherhood,1
persons,1
opposite,1
sexes,1
perceived,1
loves,1
consent,1
beforehand,1
offensive,1
warmth,1
relationshipsD,1
prompt,1
backgrounds,1
civilized,1
sensitive,1
express,1
attach,1
open,1
customs,1
Men,1
Non,1
unacceptable,1
Physical,1
unfamiliar,1
perceivedD,1
concerning,1
Learn,1
Pay,1
preference,1
From,1
climate,1
dynamic,1
Yale,1
Psychology,1
spark,1
established,1
stud,1
Those,1
developed,1
cultivated,1
inherent,1
Building,1
integrative,1
instructed,1
combining,1
existing,1
Arts,1
coding,1
analyzing,1
drew,1
chemistry,1
pointed,1
provides,1
useful,1
integrated,1
psychology,1
visual,1
devise,1
multiple,1
seeking,1
employment,1
pressing,1
unemployed,1
COVID,1
seekers,1
expand,1
adaptable,1
fields,1
faces,1
varied,1
thinkingC,1
undergoing,1
profound,1
witnessing,1
innovations,1
divided,1
feasible,1
Hi,1
interdisciplinary,1
Improved,1
union,1
planning,1
procedure,1
pierced,1
bone,1
lung,1
cancer,1
coughing,1
soup,1
surgical,1
exercising,1
medicine,1
injured,1
bushfire,1
Alice,1
Gray,1
lovely,1
forest,1
rebuilt,1
fencing,1
replanting,1
claimed,1
damages,1
heavy,1
installed,1
camera,1
monitor,1
sheep,1
disappearance,1
tons,1
precious,1
metal,1
crash,1
emergency,1
landing,1
contacted,1
goldmine,1
inforn,1
crew,1
member,1
cooperate,1
checked,1
questioned,1
bars,1
rule,1
inquire,1
chair,1
complaints,1
update,1
forgot,1
issued,1
Reconsider,1
payment,1
methods,1
Update,1
Upload,1
exhausted,1
late,1
cooking,1
wants,1
foods,1
Book,1
table,1
Download,1
menu,1
Order,1
Locate,1
oily,1
spicy,1
picky,1
please,1
Owners,1
behaviour,1
wellbeing,1
owners,1
alike,1
treating,1
behavioural,1
Know,1
desires,1
Interact,1
novel,1
Collection,1
sampling,1
Fmther,1
investigation,1
rwming,1
mere,1
extending,1
easiest,1
Improving,1
Regulating,1
breathing,1
Slowing,1
ageing,1
Accelerating,1
circulation,1
struggled,1
sad,1
entrepreneur,1
Hill,1
House,1
blueprints,1
buildings,1
inquired,1
observed,1
timber,1
brick,1
current,1
preserved,1
copies,1
designs,1
restored,1
commonly,1
William,1
Avon,1
Lday,1
Church,1
baptized,1
customary,1
wait,1
baptizing,1
baby,1
date,1
death,1
retired,1
extensively,1
wrote,1
surviving,1
biographical,1
primarily,1
noble,1
son,1
leather,1
trader,1
JQ,1
attended,1
grammar,1
literature,1
Anne,1
Hathaway,1
Hamnet,1
Judith,1
Nothing,1
London,1
range,1
conflicts,1
contemporary,1
Ben,1
Jonson,1
captured,1
precision,1
classical,1
conclusively,1
emergence,1
scarcity,1
separated,1
systematically,1
Humans,1
creatures,1
auto,1
pilot,1
Routines,1
Nevertheless,1
boringly,1
predictable,1
outlined,1
planned,1
arouse,1
brighten,1
bit,1
tactics,1
Recently,1
Ordinarily,1
exactly,1
unexpected,1
Still,1
daughter,1
basketball,1
tournament,1
morning,1
political,1
headlines,1
neither,1
amusing,1
nor,1
moment,1
Oh,1
Michael,1
hesitation,1
search,1
backfired,1
expertise,1
trust,1
mindfulness,1
humanistic,1
management,1
Eat,1
Pray,1
Love,1
journey,1
examine,1
miracles,1
Share,1
connection,1
inspire,1
essentially,1
Jessica,1
Hagy,1
starts,1
Instruction,1
Manual,1
agy,1
spends,1
P,1
eople,1
persistently,1
curious,1
everyday,1
roadside,1
monument,1
attractions,1
haven,1
arolllld,1
sort,1
protective,1
gear,1
Television,1
veteran,1
Audrey,1
xecutive,1
NBC,1
Voice,1
individuality,1
signature,1
super,1
enthusiast,1
hat,1
embracing,1
llllique,1
etc,1
traveled,1
sought,1
folllltain,1
relations,1
drea,1
Paying,1
ention,1
parties,1
alking,1
shorten,1
audience,1
sided,1
participate,1
requests,1
ell,1
favorite,1
attraction,1
tool,1
disclose,1
California,1
Santa,1
Barbara,1
fom,1
roughly,1
talking,1
disclosing,1
impression,1
sparkling,1
essential,1
storytelling,1
shy,1
hese,1
vulnerable,1
actuality,1
No,1
fun,1
Because,1
enjoying,1
Show,1
reserved,1
miraculously,1
listen,1
attentively,1
enjoyable,1
somewhat,1
TV,1
considers,1
himself,1
conducting,1
Falling,1
ttm,1
utter,1
bore,1
affecting,1
England,1
recognise,1
Obesity,1
excess,1
adversely,1
meets,1
strongly,1
influenced,1
biology,1
induced,1
entirely,1
Recognising,1
chronic,1
lifestyle,1
stigma,1
adds,1
disagrees,1
removes,1
overwhelm,1
pressure,1
condition,1
unless,1
accept,1
tackle,1
concludes,1
physician,1
special,1
adopting,1
approach,1
outcomes,1
believes,1
harmless,1
writes,1
autonomy,1
disempowering,1
robbing,1
intrinsic,1
motivation,1
enabler,1
healthcare,1
pharmaceutical,1
insurance,1
guidelines,1
promote,1
surgery,1
warns,1
neglected,1
sease,1
updated,1
opposed,1
responsible,1
afford,1
overwhelmed,1
discriminated,1
inclusive,1
lacks,1
clarity,1
debate,1
concern,1
classifying,1
accelerate,1
spread,1
shortage,1
doctors,1
Nationwide,1
Experts,1
derstanding,1
rapidly,1
forming,1
access,1
youngest,1
learners,1
exposed,1
varieties,1
aro,1
stereotypes,1
assistant,1
department,1
Borough,1
Ma,1
attan,1
Commtmity,1
College,1
poss,1
paths,1
supported,1
resistance,1
careers,1
representation,1
Low,1
acknowledged,1
intended,1
increased,1
salary,1
elementary,1
mentoring,1
recruitment,1
providing,1
yotmg,1
opporttmities,1
volunteer,1
targeting,1
considering,1
raise,1
exposes,1
interaction,1
impacted,1
clearly,1
aims,1
comment,1
broadening,1
horizons,1
urgency,1
awkward,1
hugging,1
pressured,1
prejudiced,1
socially,1
Higher,1
Job,1
Better,1
conditions,1
Recruiting,1
attract,1
Persuading,1
Providing,1
advancement,1
IV,1
Karez,1
seep,1
evaporation,1
